"","X","year_month","Closing.Price..USD.","Unemployment.Rate....","CPI","Median.Household.Income..USD.","Median.Housing.Price..USD.","CPI_bin","Unemployment_bin"
"1",1,"1927-12-01",17.6599998474121,NA,NA,NA,NA,NA,NA
"2",2,"1928-01-01",17.5199998219808,NA,NA,NA,NA,NA,NA
"3",3,"1928-02-01",17.3242107190584,NA,NA,NA,NA,NA,NA
"4",4,"1928-03-01",18.2331817800348,NA,NA,NA,NA,NA,NA
"5",5,"1928-04-01",19.3710000038147,NA,NA,NA,NA,NA,NA
"6",6,"1928-05-01",20.0040909160267,NA,NA,NA,NA,NA,NA
"7",7,"1928-06-01",18.9852380298433,NA,NA,NA,NA,NA,NA
"8",8,"1928-07-01",19.1557143075126,NA,NA,NA,NA,NA,NA
"9",9,"1928-08-01",19.7934783437978,NA,NA,NA,NA,NA,NA
"10",10,"1928-09-01",21.173157742149,NA,NA,NA,NA,NA,NA
"11",11,"1928-10-01",21.6004545905373,NA,NA,NA,NA,NA,NA
"12",12,"1928-11-01",23.0990000724792,NA,NA,NA,NA,NA,NA
"13",13,"1928-12-01",23.1445000648499,NA,NA,NA,NA,NA,NA
"14",14,"1929-01-01",24.8650001179088,NA,NA,NA,NA,NA,NA
"15",15,"1929-02-01",24.9927778244019,NA,NA,NA,NA,NA,NA
"16",16,"1929-03-01",25.4005000114441,NA,NA,NA,NA,NA,NA
"17",17,"1929-04-01",25.2686362700029,NA,NA,NA,NA,NA,NA
"18",18,"1929-05-01",25.609545621005,NA,NA,NA,NA,NA,NA
"19",19,"1929-06-01",26.1465001106262,NA,NA,NA,NA,NA,NA
"20",20,"1929-07-01",28.4609091498635,NA,NA,NA,NA,NA,NA
"21",21,"1929-08-01",30.1190908605402,NA,NA,NA,NA,NA,NA
"22",22,"1929-09-01",31.304499912262,NA,NA,NA,NA,NA,NA
"23",23,"1929-10-01",27.991304397583,NA,NA,NA,NA,NA,NA
"24",24,"1929-11-01",20.5817648943733,NA,NA,NA,NA,NA,NA
"25",25,"1929-12-01",21.3885714213053,NA,NA,NA,NA,NA,NA
"26",26,"1930-01-01",21.7163636467674,NA,NA,NA,NA,NA,NA
"27",27,"1930-02-01",23.0763158296284,NA,NA,NA,NA,NA,NA
"28",28,"1930-03-01",23.909047807966,NA,NA,NA,NA,NA,NA
"29",29,"1930-04-01",25.430952435448,NA,NA,NA,NA,NA,NA
"30",30,"1930-05-01",23.9547618684314,NA,NA,NA,NA,NA,NA
"31",31,"1930-06-01",21.6004762195406,NA,NA,NA,NA,NA,NA
"32",32,"1930-07-01",21.018181627447,NA,NA,NA,NA,NA,NA
"33",33,"1930-08-01",20.800476255871,NA,NA,NA,NA,NA,NA
"34",34,"1930-09-01",20.770000003633,NA,NA,NA,NA,NA,NA
"35",35,"1930-10-01",17.9295454892245,NA,NA,NA,NA,NA,NA
"36",36,"1930-11-01",16.5883332358466,NA,NA,NA,NA,NA,NA
"37",37,"1930-12-01",15.545909057964,NA,NA,NA,NA,NA,NA
"38",38,"1931-01-01",15.9209522973923,NA,NA,NA,NA,NA,NA
"39",39,"1931-02-01",17.1633332570394,NA,NA,NA,NA,NA,NA
"40",40,"1931-03-01",17.5381818251176,NA,NA,NA,NA,NA,NA
"41",41,"1931-04-01",15.8300000145322,NA,NA,NA,NA,NA,NA
"42",42,"1931-05-01",14.2866665976388,NA,NA,NA,NA,NA,NA
"43",43,"1931-06-01",13.8368181748824,NA,NA,NA,NA,NA,NA
"44",44,"1931-07-01",14.3473912943964,NA,NA,NA,NA,NA,NA
"45",45,"1931-08-01",13.8866667520432,NA,NA,NA,NA,NA,NA
"46",46,"1931-09-01",11.8900000708444,NA,NA,NA,NA,NA,NA
"47",47,"1931-10-01",10.2190475463867,NA,NA,NA,NA,NA,NA
"48",48,"1931-11-01",10.4247368260434,NA,NA,NA,NA,NA,NA
"49",49,"1931-12-01",8.4127273126082,NA,NA,NA,NA,NA,NA
"50",50,"1932-01-01",8.32549996376038,NA,NA,NA,NA,NA,NA
"51",51,"1932-02-01",8.20210532138222,NA,NA,NA,NA,NA,NA
"52",52,"1932-03-01",8.25045462088151,NA,NA,NA,NA,NA,NA
"53",53,"1932-04-01",6.26952384767078,NA,NA,NA,NA,NA,NA
"54",54,"1932-05-01",5.52238094239008,NA,NA,NA,NA,NA,NA
"55",55,"1932-06-01",4.74500001560558,NA,NA,NA,NA,NA,NA
"56",56,"1932-07-01",4.97449998855591,NA,NA,NA,NA,NA,NA
"57",57,"1932-08-01",7.51608699301015,NA,NA,NA,NA,NA,NA
"58",58,"1932-09-01",8.22047624133882,NA,NA,NA,NA,NA,NA
"59",59,"1932-10-01",7.10550005435944,NA,NA,NA,NA,NA,NA
"60",60,"1932-11-01",7.01950001716614,NA,NA,NA,NA,NA,NA
"61",61,"1932-12-01",6.82428571156093,NA,NA,NA,NA,NA,NA
"62",62,"1933-01-01",7.08809525626046,NA,NA,NA,NA,NA,NA
"63",63,"1933-02-01",6.25000005298191,NA,NA,NA,NA,NA,NA
"64",64,"1933-03-01",6.2012500166893,NA,NA,NA,NA,NA,NA
"65",65,"1933-04-01",6.87052628868505,NA,NA,NA,NA,NA,NA
"66",66,"1933-05-01",8.86909086054022,NA,NA,NA,NA,NA,NA
"67",67,"1933-06-01",10.4227273247459,NA,NA,NA,NA,NA,NA
"68",68,"1933-07-01",11.2385000228882,NA,NA,NA,NA,NA,NA
"69",69,"1933-08-01",10.671304371046,NA,NA,NA,NA,NA,NA
"70",70,"1933-09-01",10.5969999313354,NA,NA,NA,NA,NA,NA
"71",71,"1933-10-01",9.55714280264718,NA,NA,NA,NA,NA,NA
"72",72,"1933-11-01",9.76399998664856,NA,NA,NA,NA,NA,NA
"73",73,"1933-12-01",9.96399993896483,NA,NA,NA,NA,NA,NA
"74",74,"1934-01-01",10.5599999861284,NA,NA,NA,NA,NA,NA
"75",75,"1934-02-01",11.3227778010898,NA,NA,NA,NA,NA,NA
"76",76,"1934-03-01",10.7257142748151,NA,NA,NA,NA,NA,NA
"77",77,"1934-04-01",10.9128571010771,NA,NA,NA,NA,NA,NA
"78",78,"1934-05-01",9.81545456972989,NA,NA,NA,NA,NA,NA
"79",79,"1934-06-01",9.94142850240071,NA,NA,NA,NA,NA,NA
"80",80,"1934-07-01",9.45904758998326,NA,NA,NA,NA,NA,NA
"81",81,"1934-08-01",9.1026087221892,NA,NA,NA,NA,NA,NA
"82",82,"1934-09-01",8.86315797504626,NA,NA,NA,NA,NA,NA
"83",83,"1934-10-01",8.9495454268022,NA,NA,NA,NA,NA,NA
"84",84,"1934-11-01",9.19263172149658,NA,NA,NA,NA,NA,NA
"85",85,"1934-12-01",9.24849996566773,NA,NA,NA,NA,NA,NA
"86",86,"1935-01-01",9.2486363324252,NA,NA,NA,NA,NA,NA
"87",87,"1935-02-01",8.97166675991482,NA,NA,NA,NA,NA,NA
"88",88,"1935-03-01",8.39142858414423,NA,NA,NA,NA,NA,NA
"89",89,"1935-04-01",8.97476178123837,NA,NA,NA,NA,NA,NA
"90",90,"1935-05-01",9.70772725885564,NA,NA,NA,NA,NA,NA
"91",91,"1935-06-01",10.1219999313354,NA,NA,NA,NA,NA,NA
"92",92,"1935-07-01",10.653636412187,NA,NA,NA,NA,NA,NA
"93",93,"1935-08-01",11.3195454857566,NA,NA,NA,NA,NA,NA
"94",94,"1935-09-01",11.6050000190735,NA,NA,NA,NA,NA,NA
"95",95,"1935-10-01",11.8973913192749,NA,NA,NA,NA,NA,NA
"96",96,"1935-11-01",13.0461111068726,NA,NA,NA,NA,NA,NA
"97",97,"1935-12-01",13.0723809741792,NA,NA,NA,NA,NA,NA
"98",98,"1936-01-01",13.7695455117659,NA,NA,NA,NA,NA,NA
"99",99,"1936-02-01",14.5678947348344,NA,NA,NA,NA,NA,NA
"100",100,"1936-03-01",14.859090978449,NA,NA,NA,NA,NA,NA
"101",101,"1936-04-01",14.8457142966134,NA,NA,NA,NA,NA,NA
"102",102,"1936-05-01",14.0885713668097,NA,NA,NA,NA,NA,NA
"103",103,"1936-06-01",14.6936364173889,NA,NA,NA,NA,NA,NA
"104",104,"1936-07-01",15.5339131562606,NA,NA,NA,NA,NA,NA
"105",105,"1936-08-01",15.8666667029971,NA,NA,NA,NA,NA,NA
"106",106,"1936-09-01",16.0104762031918,NA,NA,NA,NA,NA,NA
"107",107,"1936-10-01",16.8680953979492,NA,NA,NA,NA,NA,NA
"108",108,"1936-11-01",17.3522221247355,NA,NA,NA,NA,NA,NA
"109",109,"1936-12-01",17.0690909298983,NA,NA,NA,NA,NA,NA
"110",110,"1937-01-01",17.5789999961853,NA,NA,NA,NA,NA,NA
"111",111,"1937-02-01",18.0905554029677,NA,NA,NA,NA,NA,NA
"112",112,"1937-03-01",18.0913635600697,NA,NA,NA,NA,NA,NA
"113",113,"1937-04-01",17.0018181367354,NA,NA,NA,NA,NA,NA
"114",114,"1937-05-01",16.2349999904633,NA,NA,NA,NA,NA,NA
"115",115,"1937-06-01",15.640454639088,NA,NA,NA,NA,NA,NA
"116",116,"1937-07-01",16.5423810141427,NA,NA,NA,NA,NA,NA
"117",117,"1937-08-01",16.74000007456,NA,NA,NA,NA,NA,NA
"118",118,"1937-09-01",14.377618925912,NA,NA,NA,NA,NA,NA
"119",119,"1937-10-01",12.2535001754761,NA,NA,NA,NA,NA,NA
"120",120,"1937-11-01",11.1852631819876,NA,NA,NA,NA,NA,NA
"121",121,"1937-12-01",10.9921739827032,NA,NA,NA,NA,NA,NA
"122",122,"1938-01-01",11.3133332842872,NA,NA,NA,NA,NA,NA
"123",123,"1938-02-01",11.0147369284379,NA,NA,NA,NA,NA,NA
"124",124,"1938-03-01",10.3073913325434,NA,NA,NA,NA,NA,NA
"125",125,"1938-04-01",9.84999995231628,NA,NA,NA,NA,NA,NA
"126",126,"1938-05-01",9.9695239294143,NA,NA,NA,NA,NA,NA
"127",127,"1938-06-01",10.2290908640081,NA,NA,NA,NA,NA,NA
"128",128,"1938-07-01",12.2344999790192,NA,NA,NA,NA,NA,NA
"129",129,"1938-08-01",12.2986957301264,NA,NA,NA,NA,NA,NA
"130",130,"1938-09-01",11.7638095674061,NA,NA,NA,NA,NA,NA
"131",131,"1938-10-01",13.1094999790192,NA,NA,NA,NA,NA,NA
"132",132,"1938-11-01",13.0547368902909,NA,NA,NA,NA,NA,NA
"133",133,"1938-12-01",12.6757142657325,NA,NA,NA,NA,NA,NA
"134",134,"1939-01-01",12.5095237550281,NA,NA,NA,NA,NA,NA
"135",135,"1939-02-01",12.3788887659709,NA,NA,NA,NA,NA,NA
"136",136,"1939-03-01",12.3665217109348,NA,NA,NA,NA,NA,NA
"137",137,"1939-04-01",10.8205263238204,NA,NA,NA,NA,NA,NA
"138",138,"1939-05-01",11.2227272120389,NA,NA,NA,NA,NA,NA
"139",139,"1939-06-01",11.4150000052019,NA,NA,NA,NA,NA,NA
"140",140,"1939-07-01",11.7310000896454,NA,NA,NA,NA,NA,NA
"141",141,"1939-08-01",11.5330434052841,NA,NA,NA,NA,NA,NA
"142",142,"1939-09-01",12.8074999332428,NA,NA,NA,NA,NA,NA
"143",143,"1939-10-01",12.9042857033866,NA,NA,NA,NA,NA,NA
"144",144,"1939-11-01",12.6569999694824,NA,NA,NA,NA,NA,NA
"145",145,"1939-12-01",12.3574999332428,NA,NA,NA,NA,NA,NA
"146",146,"1940-01-01",12.3077272501859,NA,NA,NA,NA,NA,NA
"147",147,"1940-02-01",12.2210526215403,NA,NA,NA,NA,NA,NA
"148",148,"1940-03-01",12.1490000724793,NA,NA,NA,NA,NA,NA
"149",149,"1940-04-01",12.265909021551,NA,NA,NA,NA,NA,NA
"150",150,"1940-05-01",10.5522727099332,NA,NA,NA,NA,NA,NA
"151",151,"1940-06-01",9.66299996376037,NA,NA,NA,NA,NA,NA
"152",152,"1940-07-01",9.99590908397328,NA,NA,NA,NA,NA,NA
"153",153,"1940-08-01",10.1822726509788,NA,NA,NA,NA,NA,NA
"154",154,"1940-09-01",10.6320000648499,NA,NA,NA,NA,NA,NA
"155",155,"1940-10-01",10.7243477779886,NA,NA,NA,NA,NA,NA
"156",156,"1940-11-01",10.9800000190735,NA,NA,NA,NA,NA,NA
"157",157,"1940-12-01",10.5314284279233,NA,NA,NA,NA,NA,NA
"158",158,"1941-01-01",10.5386363809759,NA,NA,NA,NA,NA,NA
"159",159,"1941-02-01",9.88210522501092,NA,NA,NA,NA,NA,NA
"160",160,"1941-03-01",9.95571436200823,NA,NA,NA,NA,NA,NA
"161",161,"1941-04-01",9.6409523827689,NA,NA,NA,NA,NA,NA
"162",162,"1941-05-01",9.42904767535981,NA,NA,NA,NA,NA,NA
"163",163,"1941-06-01",9.7595238004412,NA,NA,NA,NA,NA,NA
"164",164,"1941-07-01",10.2713636051525,NA,NA,NA,NA,NA,NA
"165",165,"1941-08-01",10.2161904743739,NA,NA,NA,NA,NA,NA
"166",166,"1941-09-01",10.2447618302845,NA,NA,NA,NA,NA,NA
"167",167,"1941-10-01",9.81045454198664,NA,NA,NA,NA,NA,NA
"168",168,"1941-11-01",9.36705886616426,NA,NA,NA,NA,NA,NA
"169",169,"1941-12-01",8.75681807778098,NA,NA,NA,NA,NA,NA
"170",170,"1942-01-01",8.93571444920131,NA,NA,NA,NA,NA,NA
"171",171,"1942-02-01",8.6538889143202,NA,NA,NA,NA,NA,NA
"172",172,"1942-03-01",8.18909094550393,NA,NA,NA,NA,NA,NA
"173",173,"1942-04-01",7.83523804800851,NA,NA,NA,NA,NA,NA
"174",174,"1942-05-01",7.92904762994675,NA,NA,NA,NA,NA,NA
"175",175,"1942-06-01",8.32499998266047,NA,NA,NA,NA,NA,NA
"176",176,"1942-07-01",8.63565212747325,NA,NA,NA,NA,NA,NA
"177",177,"1942-08-01",8.59047608148484,NA,NA,NA,NA,NA,NA
"178",178,"1942-09-01",8.6828571955363,NA,NA,NA,NA,NA,NA
"179",179,"1942-10-01",9.3138096673148,NA,NA,NA,NA,NA,NA
"180",180,"1942-11-01",9.4572220908271,NA,NA,NA,NA,NA,NA
"181",181,"1942-12-01",9.51818180084229,NA,NA,NA,NA,NA,NA
"182",182,"1943-01-01",10.089000082016,NA,NA,NA,NA,NA,NA
"183",183,"1943-02-01",10.6783334414164,NA,NA,NA,NA,NA,NA
"184",184,"1943-03-01",11.0652173913043,NA,NA,NA,NA,NA,NA
"185",185,"1943-04-01",11.450952348255,NA,NA,NA,NA,NA,NA
"186",186,"1943-05-01",11.8940000534058,NA,NA,NA,NA,NA,NA
"187",187,"1943-06-01",12.0849999947981,NA,NA,NA,NA,NA,NA
"188",188,"1943-07-01",12.3609524227324,NA,NA,NA,NA,NA,NA
"189",189,"1943-08-01",11.7390910061923,NA,NA,NA,NA,NA,NA
"190",190,"1943-09-01",11.986190478007,NA,NA,NA,NA,NA,NA
"191",191,"1943-10-01",11.8690000534058,NA,NA,NA,NA,NA,NA
"192",192,"1943-11-01",11.332105285243,NA,NA,NA,NA,NA,NA
"193",193,"1943-12-01",11.4804347079733,NA,NA,NA,NA,NA,NA
"194",194,"1944-01-01",11.84809530349,NA,NA,NA,NA,NA,NA
"195",195,"1944-02-01",11.7664999961853,NA,NA,NA,NA,NA,NA
"196",196,"1944-03-01",12.0960869581803,NA,NA,NA,NA,NA,NA
"197",197,"1944-04-01",11.8784209803531,NA,NA,NA,NA,NA,NA
"198",198,"1944-05-01",12.1009091463956,NA,NA,NA,NA,NA,NA
"199",199,"1944-06-01",12.6781817783009,NA,NA,NA,NA,NA,NA
"200",200,"1944-07-01",13.0080000400543,NA,NA,NA,NA,NA,NA
"201",201,"1944-08-01",12.8199999436088,NA,NA,NA,NA,NA,NA
"202",202,"1944-09-01",12.5969998836517,NA,NA,NA,NA,NA,NA
"203",203,"1944-10-01",12.8952381497338,NA,NA,NA,NA,NA,NA
"204",204,"1944-11-01",12.8219999790192,NA,NA,NA,NA,NA,NA
"205",205,"1944-12-01",13.085000038147,NA,NA,NA,NA,NA,NA
"206",206,"1945-01-01",13.4854545593262,NA,NA,NA,NA,NA,NA
"207",207,"1945-02-01",13.9461110962762,NA,NA,NA,NA,NA,NA
"208",208,"1945-03-01",13.9371427808489,NA,NA,NA,NA,NA,NA
"209",209,"1945-04-01",14.2657143729074,NA,NA,NA,NA,NA,NA
"210",210,"1945-05-01",14.8136363896457,NA,NA,NA,NA,NA,NA
"211",211,"1945-06-01",15.0866667429606,NA,NA,NA,NA,NA,NA
"212",212,"1945-07-01",14.7814285641625,NA,NA,NA,NA,NA,NA
"213",213,"1945-08-01",14.8257143838065,NA,NA,NA,NA,NA,NA
"214",214,"1945-09-01",15.8357893793206,NA,NA,NA,NA,NA,NA
"215",215,"1945-10-01",16.4936361312866,NA,NA,NA,NA,NA,NA
"216",216,"1945-11-01",17.0400003132067,NA,NA,NA,NA,NA,NA
"217",217,"1945-12-01",17.3194738689222,NA,NA,NA,NA,NA,NA
"218",218,"1946-01-01",18.0413636294278,NA,NA,NA,NA,NA,NA
"219",219,"1946-02-01",17.9844444062975,NA,NA,NA,NA,NA,NA
"220",220,"1946-03-01",17.5219048999605,NA,NA,NA,NA,NA,NA
"221",221,"1946-04-01",18.6514285859608,NA,NA,NA,NA,NA,NA
"222",222,"1946-05-01",18.7122728174383,NA,NA,NA,NA,NA,NA
"223",223,"1946-06-01",18.5804999351501,NA,NA,NA,NA,NA,NA
"224",224,"1946-07-01",18.053636377508,NA,NA,NA,NA,NA,NA
"225",225,"1946-08-01",17.7027272311124,NA,NA,NA,NA,NA,NA
"226",226,"1946-09-01",15.0670000553131,NA,NA,NA,NA,NA,NA
"227",227,"1946-10-01",14.7473913275677,NA,NA,NA,NA,NA,NA
"228",228,"1946-11-01",14.6677778032091,NA,NA,NA,NA,NA,NA
"229",229,"1946-12-01",15.1209522883097,NA,NA,NA,NA,NA,NA
"230",230,"1947-01-01",15.2159090475603,NA,NA,NA,NA,NA,NA
"231",231,"1947-02-01",15.780526311774,NA,NA,NA,NA,NA,NA
"232",232,"1947-03-01",15.1561904180618,NA,NA,NA,NA,NA,NA
"233",233,"1947-04-01",14.6019047782535,NA,NA,NA,NA,NA,NA
"234",234,"1947-05-01",14.3228571301415,NA,NA,NA,NA,NA,NA
"235",235,"1947-06-01",14.8428571337745,NA,NA,NA,NA,NA,NA
"236",236,"1947-07-01",15.7677273750305,NA,NA,NA,NA,NA,NA
"237",237,"1947-08-01",15.4566667193458,NA,NA,NA,NA,NA,NA
"238",238,"1947-09-01",15.0633333297003,NA,NA,NA,NA,NA,NA
"239",239,"1947-10-01",15.4495453834534,NA,NA,NA,NA,NA,NA
"240",240,"1947-11-01",15.270588201635,NA,NA,NA,NA,NA,NA
"241",241,"1947-12-01",15.0318181297996,NA,NA,NA,NA,NA,NA
"242",242,"1948-01-01",14.8323808851696,3.4,NA,NA,NA,NA,"low"
"243",243,"1948-02-01",14.0966667069329,3.8,NA,NA,NA,NA,"low"
"244",244,"1948-03-01",14.2845453349027,4,NA,NA,NA,NA,"low"
"245",245,"1948-04-01",15.3990908969532,3.9,NA,NA,NA,NA,"low"
"246",246,"1948-05-01",16.1715001583099,3.5,NA,NA,NA,NA,"low"
"247",247,"1948-06-01",16.8245454268022,3.6,NA,NA,NA,NA,"low"
"248",248,"1948-07-01",16.4214286804199,3.6,NA,NA,NA,NA,"low"
"249",249,"1948-08-01",15.9395455013622,3.9,NA,NA,NA,NA,"low"
"250",250,"1948-09-01",15.757619040353,3.8,NA,NA,NA,NA,"low"
"251",251,"1948-10-01",16.1870000839233,3.7,NA,NA,NA,NA,"low"
"252",252,"1948-11-01",15.3068422016345,3.8,NA,NA,NA,NA,"low"
"253",253,"1948-12-01",15.1834781480872,4,NA,NA,NA,NA,"low"
"254",254,"1949-01-01",15.3247618902297,4.3,NA,NA,NA,NA,"low"
"255",255,"1949-02-01",14.7815789172524,4.7,NA,NA,NA,NA,"med"
"256",256,"1949-03-01",14.9108695983887,5,NA,NA,NA,NA,"med"
"257",257,"1949-04-01",14.8900000095367,5.3,NA,NA,NA,NA,"med"
"258",258,"1949-05-01",14.766666730245,6.1,NA,NA,NA,NA,"med"
"259",259,"1949-06-01",13.9668182459745,6.2,NA,NA,NA,NA,"med"
"260",260,"1949-07-01",14.7620000839233,6.7,NA,NA,NA,NA,"high"
"261",261,"1949-08-01",15.2878260819808,6.8,NA,NA,NA,NA,"high"
"262",262,"1949-09-01",15.4866665431431,6.6,NA,NA,NA,NA,"med"
"263",263,"1949-10-01",15.8950000286102,7.9,NA,NA,NA,NA,"high"
"264",264,"1949-11-01",16.0984210466084,6.4,NA,NA,NA,NA,"med"
"265",265,"1949-12-01",16.5395238058908,6.6,NA,NA,NA,NA,"med"
"266",266,"1950-01-01",16.875714347476,6.5,NA,NA,NA,NA,"med"
"267",267,"1950-02-01",17.192777633667,6.4,NA,NA,NA,NA,"med"
"268",268,"1950-03-01",17.3465218751327,6.3,NA,NA,NA,NA,"med"
"269",269,"1950-04-01",17.8452630293997,5.8,NA,NA,NA,NA,"med"
"270",270,"1950-05-01",18.4345456903631,5.5,NA,NA,NA,NA,"med"
"271",271,"1950-06-01",18.736818226901,5.4,NA,NA,NA,NA,"med"
"272",272,"1950-07-01",17.3840001106262,5,NA,NA,NA,NA,"med"
"273",273,"1950-08-01",18.4330437701681,4.5,NA,NA,NA,NA,"med"
"274",274,"1950-09-01",19.0845002174377,4.4,NA,NA,NA,NA,"med"
"275",275,"1950-10-01",19.8595238640195,4.2,NA,NA,NA,NA,"low"
"276",276,"1950-11-01",19.7985000610352,4.2,NA,NA,NA,NA,"low"
"277",277,"1950-12-01",19.7454998016357,4.3,NA,NA,NA,NA,"low"
"278",278,"1951-01-01",21.2045456279408,3.7,NA,NA,NA,NA,"low"
"279",279,"1951-02-01",21.9788890414768,3.4,NA,NA,NA,NA,"low"
"280",280,"1951-03-01",21.6176192874,3.4,NA,NA,NA,NA,"low"
"281",281,"1951-04-01",21.8847618103027,3.1,NA,NA,NA,NA,"low"
"282",282,"1951-05-01",21.9381818771362,3,NA,NA,NA,NA,"low"
"283",283,"1951-06-01",21.5461904434931,3.2,NA,NA,NA,NA,"low"
"284",284,"1951-07-01",21.9319044748942,3.1,NA,NA,NA,NA,"low"
"285",285,"1951-08-01",22.8921740988026,3.1,NA,NA,NA,NA,"low"
"286",286,"1951-09-01",23.4842105664705,3.3,NA,NA,NA,NA,"low"
"287",287,"1951-10-01",23.3677273663608,3.5,NA,NA,NA,NA,"low"
"288",288,"1951-11-01",22.713684182418,3.5,NA,NA,NA,NA,"low"
"289",289,"1951-12-01",23.4215000152588,3.1,NA,NA,NA,NA,"low"
"290",290,"1952-01-01",24.1813634525646,3.2,NA,NA,NA,NA,"low"
"291",291,"1952-02-01",23.6989476053338,3.1,NA,NA,NA,NA,"low"
"292",292,"1952-03-01",23.8100001925514,2.9,NA,NA,NA,NA,"low"
"293",293,"1952-04-01",23.7319048926944,2.9,NA,NA,NA,NA,"low"
"294",294,"1952-05-01",23.7328572046189,3,NA,NA,NA,NA,"low"
"295",295,"1952-06-01",24.3809523809524,3,NA,NA,NA,NA,"low"
"296",296,"1952-07-01",25.0795454545455,3.2,NA,NA,NA,NA,"low"
"297",297,"1952-08-01",25.1823811304002,3.4,NA,NA,NA,NA,"low"
"298",298,"1952-09-01",24.7819048563639,3.1,NA,NA,NA,NA,"low"
"299",299,"1952-10-01",24.2559089660645,3,NA,NA,NA,NA,"low"
"300",300,"1952-11-01",25.0294118769029,2.8,NA,NA,NA,NA,"low"
"301",301,"1952-12-01",26.0395454926924,2.7,NA,NA,NA,NA,"low"
"302",302,"1953-01-01",26.1800000326974,2.9,NA,NA,NA,NA,"low"
"303",303,"1953-02-01",25.8977777693007,2.6,NA,NA,NA,NA,"low"
"304",304,"1953-03-01",25.9922728972002,2.6,NA,NA,NA,NA,"low"
"305",305,"1953-04-01",24.7123809996105,2.7,NA,NA,NA,NA,"low"
"306",306,"1953-05-01",24.8371428535098,2.5,NA,NA,NA,NA,"low"
"307",307,"1953-06-01",23.9518182060935,2.5,NA,NA,NA,NA,"low"
"308",308,"1953-07-01",24.2947825556216,2.6,NA,NA,NA,NA,"low"
"309",309,"1953-08-01",24.3895239148821,2.7,NA,NA,NA,NA,"low"
"310",310,"1953-09-01",23.2690475100563,2.9,NA,NA,NA,NA,"low"
"311",311,"1953-10-01",23.9666667211623,3.1,NA,NA,NA,NA,"low"
"312",312,"1953-11-01",24.500555674235,3.5,NA,NA,NA,NA,"low"
"313",313,"1953-12-01",24.8272727619518,4.5,NA,NA,NA,NA,"med"
"314",314,"1954-01-01",25.4615001678467,4.9,NA,NA,NA,NA,"med"
"315",315,"1954-02-01",26.0184210727089,5.2,NA,NA,NA,NA,"med"
"316",316,"1954-03-01",26.5717391967773,5.7,NA,NA,NA,NA,"med"
"317",317,"1954-04-01",27.615238008045,5.9,NA,NA,NA,NA,"med"
"318",318,"1954-05-01",28.7344999313354,5.9,NA,NA,NA,NA,"med"
"319",319,"1954-06-01",28.9609091498635,5.6,NA,NA,NA,NA,"med"
"320",320,"1954-07-01",30.1266667502267,5.8,NA,NA,NA,NA,"med"
"321",321,"1954-08-01",30.7295454198664,6,NA,NA,NA,NA,"med"
"322",322,"1954-09-01",31.4547620500837,6.1,NA,NA,NA,NA,"med"
"323",323,"1954-10-01",32.1766664414179,5.7,NA,NA,NA,NA,"med"
"324",324,"1954-11-01",33.4420003890991,5.3,NA,NA,NA,NA,"med"
"325",325,"1954-12-01",35.0081820054488,5,NA,NA,NA,NA,"med"
"326",326,"1955-01-01",35.596190679641,4.9,NA,NA,NA,NA,"med"
"327",327,"1955-02-01",36.7910523665579,4.7,NA,NA,NA,NA,"med"
"328",328,"1955-03-01",36.5008697509766,4.6,NA,NA,NA,NA,"med"
"329",329,"1955-04-01",37.7549999237061,4.7,NA,NA,NA,NA,"med"
"330",330,"1955-05-01",37.6028569539388,4.3,NA,NA,NA,NA,"low"
"331",331,"1955-06-01",39.8749993064187,4.2,NA,NA,NA,NA,"low"
"332",332,"1955-07-01",42.6920000076294,4,NA,NA,NA,NA,"low"
"333",333,"1955-08-01",42.4300001393194,4.2,NA,NA,NA,NA,"low"
"334",334,"1955-09-01",44.3414284842355,4.1,NA,NA,NA,NA,"low"
"335",335,"1955-10-01",42.1233337039039,4.3,NA,NA,NA,NA,"low"
"336",336,"1955-11-01",44.9470003128052,4.2,NA,NA,NA,NA,"low"
"337",337,"1955-12-01",45.3904762268066,4.2,NA,NA,NA,NA,"low"
"338",338,"1956-01-01",44.1452380589076,4,NA,NA,NA,NA,"low"
"339",339,"1956-02-01",44.4300001144409,3.9,NA,NA,NA,NA,"low"
"340",340,"1956-03-01",47.4871430169968,4.2,NA,NA,NA,NA,"low"
"341",341,"1956-04-01",48.0519049508231,4,NA,NA,NA,NA,"low"
"342",342,"1956-05-01",46.5372723666105,4.3,NA,NA,NA,NA,"low"
"343",343,"1956-06-01",46.2685715811593,4.3,NA,NA,NA,NA,"low"
"344",344,"1956-07-01",48.7780954270136,4.4,NA,NA,NA,NA,"med"
"345",345,"1956-08-01",48.4613042085067,4.1,NA,NA,NA,NA,"low"
"346",346,"1956-09-01",46.7868421454179,3.9,NA,NA,NA,NA,"low"
"347",347,"1956-10-01",46.2430436507515,3.9,NA,NA,NA,NA,"low"
"348",348,"1956-11-01",45.7585000991821,4.3,NA,NA,NA,NA,"low"
"349",349,"1956-12-01",46.4436842265882,4.2,NA,NA,NA,NA,"low"
"350",350,"1957-01-01",45.4249999306419,4.2,NA,NA,NA,NA,"low"
"351",351,"1957-02-01",43.4663156208239,3.9,NA,NA,NA,NA,"low"
"352",352,"1957-03-01",44.0261906215123,3.7,NA,NA,NA,NA,"low"
"353",353,"1957-04-01",45.0471431187221,3.9,NA,NA,NA,NA,"low"
"354",354,"1957-05-01",46.7795456972989,4.1,NA,NA,NA,NA,"low"
"355",355,"1957-06-01",47.5989999771118,4.3,NA,NA,NA,NA,"low"
"356",356,"1957-07-01",48.5168186534535,4.2,NA,NA,NA,NA,"low"
"357",357,"1957-08-01",45.8349999514493,4.1,NA,NA,NA,NA,"low"
"358",358,"1957-09-01",44.010499382019,4.4,NA,NA,NA,NA,"med"
"359",359,"1957-10-01",41.2356522601584,4.5,NA,NA,NA,NA,"med"
"360",360,"1957-11-01",40.3473679391961,5.1,NA,NA,NA,NA,"med"
"361",361,"1957-12-01",40.3257141113281,5.2,NA,NA,NA,NA,"med"
"362",362,"1958-01-01",41.1227274808017,5.8,NA,NA,NA,NA,"med"
"363",363,"1958-02-01",41.2614999771118,6.4,NA,NA,NA,NA,"med"
"364",364,"1958-03-01",42.1085711887905,6.7,NA,NA,NA,NA,"high"
"365",365,"1958-04-01",42.3352381388346,7.4,NA,NA,NA,NA,"high"
"366",366,"1958-05-01",43.7076188950312,7.4,NA,NA,NA,NA,"high"
"367",367,"1958-06-01",44.7385715302967,7.3,NA,NA,NA,NA,"high"
"368",368,"1958-07-01",45.9750002080744,7.5,NA,NA,NA,NA,"high"
"369",369,"1958-08-01",47.7014287312825,7.4,NA,NA,NA,NA,"high"
"370",370,"1958-09-01",48.9742856706892,7.1,NA,NA,NA,NA,"high"
"371",371,"1958-10-01",50.9599999137547,6.7,NA,NA,NA,NA,"high"
"372",372,"1958-11-01",52.5405557420519,6.2,NA,NA,NA,NA,"med"
"373",373,"1958-12-01",53.485713777088,6.2,NA,NA,NA,NA,"med"
"374",374,"1959-01-01",55.620476495652,6,NA,NA,NA,NA,"med"
"375",375,"1959-02-01",54.7884210285387,5.9,NA,NA,NA,NA,"med"
"376",376,"1959-03-01",56.1480949038551,5.6,NA,NA,NA,NA,"med"
"377",377,"1959-04-01",57.0986355868253,5.2,NA,NA,NA,NA,"med"
"378",378,"1959-05-01",57.9923811412993,5.1,NA,NA,NA,NA,"med"
"379",379,"1959-06-01",57.4604545940052,5,NA,NA,NA,NA,"med"
"380",380,"1959-07-01",59.7359088550914,5.1,NA,NA,NA,NA,"med"
"381",381,"1959-08-01",59.4009522937593,5.2,NA,NA,NA,NA,"med"
"382",382,"1959-09-01",57.0595238095238,5.5,NA,NA,NA,NA,"med"
"383",383,"1959-10-01",57.0018178766424,5.7,NA,NA,NA,NA,"med"
"384",384,"1959-11-01",57.2331577100252,5.8,NA,NA,NA,NA,"med"
"385",385,"1959-12-01",59.0549999583851,5.3,NA,NA,NA,NA,"med"
"386",386,"1960-01-01",58.0290002822876,5.2,NA,NA,NA,NA,"med"
"387",387,"1960-02-01",55.7749998092651,4.8,NA,NA,NA,NA,"med"
"388",388,"1960-03-01",55.0152174908182,5.4,NA,NA,NA,NA,"med"
"389",389,"1960-04-01",55.6999998092651,5.2,NA,NA,NA,NA,"med"
"390",390,"1960-05-01",55.2152379353841,5.1,NA,NA,NA,NA,"med"
"391",391,"1960-06-01",57.2631816864014,5.4,NA,NA,NA,NA,"med"
"392",392,"1960-07-01",55.8399997711182,5.5,NA,NA,NA,NA,"med"
"393",393,"1960-08-01",56.5052171790081,5.6,NA,NA,NA,NA,"med"
"394",394,"1960-09-01",54.802857535226,5.5,NA,NA,NA,NA,"med"
"395",395,"1960-10-01",53.7433335440499,6.1,NA,NA,NA,NA,"med"
"396",396,"1960-11-01",55.4850002288818,6.1,NA,NA,NA,NA,"med"
"397",397,"1960-12-01",56.8000001453218,6.6,NA,NA,NA,NA,"med"
"398",398,"1961-01-01",59.7261906578427,6.6,NA,NA,NA,NA,"med"
"399",399,"1961-02-01",62.1726313139263,6.9,NA,NA,NA,NA,"high"
"400",400,"1961-03-01",64.08909034729,6.9,NA,NA,NA,NA,"high"
"401",401,"1961-04-01",65.9340000152588,7,NA,NA,NA,NA,"high"
"402",402,"1961-05-01",66.4990477789016,7.1,NA,NA,NA,NA,"high"
"403",403,"1961-06-01",65.5750007629394,6.9,NA,NA,NA,NA,"high"
"404",404,"1961-07-01",65.4384998321533,7,NA,NA,NA,NA,"high"
"405",405,"1961-08-01",67.7895653766134,6.6,NA,NA,NA,NA,"med"
"406",406,"1961-09-01",67.2279998779297,6.7,NA,NA,NA,NA,"high"
"407",407,"1961-10-01",67.9290906732733,6.5,NA,NA,NA,NA,"med"
"408",408,"1961-11-01",71.0764999389648,6.1,NA,NA,NA,NA,"med"
"409",409,"1961-12-01",71.7410007476807,6,NA,NA,NA,NA,"med"
"410",410,"1962-01-01",69.0677271756259,5.8,NA,NA,NA,NA,"med"
"411",411,"1962-02-01",70.2215788991828,5.5,NA,NA,NA,NA,"med"
"412",412,"1962-03-01",70.2918187921697,5.6,NA,NA,NA,NA,"med"
"413",413,"1962-04-01",68.0574996948242,5.6,NA,NA,NA,NA,"med"
"414",414,"1962-05-01",62.9945449829102,5.5,NA,NA,NA,NA,"med"
"415",415,"1962-06-01",55.6285716465541,5.5,NA,NA,NA,NA,"med"
"416",416,"1962-07-01",56.9695240202404,5.4,NA,NA,NA,NA,"med"
"417",417,"1962-08-01",58.5273910190748,5.7,NA,NA,NA,NA,"med"
"418",418,"1962-09-01",57.9978950902035,5.6,NA,NA,NA,NA,"med"
"419",419,"1962-10-01",56.1682611548382,5.4,NA,NA,NA,NA,"med"
"420",420,"1962-11-01",60.0434997558594,5.7,NA,NA,NA,NA,"med"
"421",421,"1962-12-01",62.6144998550415,5.5,NA,NA,NA,NA,"med"
"422",422,"1963-01-01",65.0622719851407,5.7,NA,NA,17800,NA,"med"
"423",423,"1963-02-01",65.9226315146998,5.9,NA,NA,NA,NA,"med"
"424",424,"1963-03-01",65.672857375372,5.7,NA,NA,NA,NA,"med"
"425",425,"1963-04-01",68.7590470086961,5.7,NA,NA,18000,NA,"med"
"426",426,"1963-05-01",70.1386365023526,5.9,NA,NA,NA,NA,"med"
"427",427,"1963-06-01",70.1090003967285,5.6,NA,NA,NA,NA,"med"
"428",428,"1963-07-01",69.0722725608132,5.6,NA,NA,17900,NA,"med"
"429",429,"1963-08-01",70.9804545315829,5.4,NA,NA,NA,NA,"med"
"430",430,"1963-09-01",72.8494998931885,5.5,NA,NA,NA,NA,"med"
"431",431,"1963-10-01",73.0204351673956,5.5,NA,NA,18500,NA,"med"
"432",432,"1963-11-01",72.62388865153,5.7,NA,NA,NA,NA,"med"
"433",433,"1963-12-01",74.1738095964704,5.5,NA,NA,NA,NA,"med"
"434",434,"1964-01-01",76.4522725885565,5.6,NA,NA,18500,NA,"med"
"435",435,"1964-02-01",77.3900009958368,5.4,NA,NA,NA,NA,"med"
"436",436,"1964-03-01",78.7995238531203,5.4,NA,NA,NA,NA,"med"
"437",437,"1964-04-01",79.9368168223988,5.3,NA,NA,18900,NA,"med"
"438",438,"1964-05-01",80.7325008392334,5.1,NA,NA,NA,NA,"med"
"439",439,"1964-06-01",80.2427267594771,5.2,NA,NA,NA,NA,"med"
"440",440,"1964-07-01",83.2222723527388,4.9,NA,NA,18900,NA,"med"
"441",441,"1964-08-01",82,5,NA,NA,NA,NA,"med"
"442",442,"1964-09-01",83.4085715157645,5.1,NA,NA,NA,NA,"med"
"443",443,"1964-10-01",84.8486369739879,5.1,NA,NA,19400,NA,"med"
"444",444,"1964-11-01",85.438421952097,4.8,NA,NA,NA,NA,"med"
"445",445,"1964-12-01",83.9600004716353,5,NA,NA,NA,NA,"med"
"446",446,"1965-01-01",86.116499710083,4.9,NA,NA,20200,NA,"med"
"447",447,"1965-02-01",86.7468414306641,5.1,NA,NA,NA,NA,"med"
"448",448,"1965-03-01",86.833912725034,4.7,NA,NA,NA,NA,"med"
"449",449,"1965-04-01",87.9666668119885,4.8,NA,NA,19800,NA,"med"
"450",450,"1965-05-01",89.2794998168945,4.6,NA,NA,NA,NA,"med"
"451",451,"1965-06-01",85.0899998057972,4.6,NA,NA,NA,NA,"med"
"452",452,"1965-07-01",84.9052385602678,4.4,NA,NA,20200,NA,"med"
"453",453,"1965-08-01",86.4872720891779,4.4,NA,NA,NA,NA,"med"
"454",454,"1965-09-01",89.3790472121466,4.3,NA,NA,NA,NA,"low"
"455",455,"1965-10-01",91.3947619483584,4.2,NA,NA,20300,NA,"low"
"456",456,"1965-11-01",92.1460006713867,4.1,NA,NA,NA,NA,"low"
"457",457,"1965-12-01",91.7345449274237,4,NA,NA,NA,NA,"low"
"458",458,"1966-01-01",93.3161900838216,4,NA,NA,21000,NA,"low"
"459",459,"1966-02-01",92.6826324462891,3.8,NA,NA,NA,NA,"low"
"460",460,"1966-03-01",88.877825529679,3.8,NA,NA,NA,NA,"low"
"461",461,"1966-04-01",91.5954998016358,3.8,NA,NA,22100,NA,"low"
"462",462,"1966-05-01",86.7819046747117,3.9,NA,NA,NA,NA,"low"
"463",463,"1966-06-01",86.060000332919,3.8,NA,NA,NA,NA,"low"
"464",464,"1966-07-01",85.8384994506836,3.8,NA,NA,21500,NA,"low"
"465",465,"1966-08-01",80.6508692865786,3.8,NA,NA,NA,NA,"low"
"466",466,"1966-09-01",77.8147615705218,3.7,NA,NA,NA,NA,"low"
"467",467,"1966-10-01",77.1290479387556,3.7,NA,NA,21400,NA,"low"
"468",468,"1966-11-01",80.9944995880127,3.6,NA,NA,NA,NA,"low"
"469",469,"1966-12-01",81.3271429879325,3.8,NA,NA,NA,NA,"low"
"470",470,"1967-01-01",84.4504761468797,3.9,NA,NA,22300,NA,"low"
"471",471,"1967-02-01",87.3668417679636,3.8,NA,NA,NA,NA,"low"
"472",472,"1967-03-01",89.4177273837003,3.8,NA,NA,NA,NA,"low"
"473",473,"1967-04-01",90.9595001220703,3.8,NA,NA,23300,NA,"low"
"474",474,"1967-05-01",92.5904547951438,3.8,NA,NA,NA,NA,"low"
"475",475,"1967-06-01",91.4336370988326,3.9,NA,NA,NA,NA,"low"
"476",476,"1967-07-01",92.9890003204346,3.8,NA,NA,22500,NA,"low"
"477",477,"1967-08-01",94.4939127383025,3.8,NA,NA,NA,NA,"low"
"478",478,"1967-09-01",95.8089992523193,3.8,NA,NA,NA,NA,"low"
"479",479,"1967-10-01",95.6363636363636,4,NA,NA,22900,NA,"low"
"480",480,"1967-11-01",92.6609996795654,3.9,NA,NA,NA,NA,"low"
"481",481,"1967-12-01",95.3024997711182,3.8,NA,NA,NA,NA,"low"
"482",482,"1968-01-01",95.0377270091664,3.7,3.65186106,NA,23900,"med","low"
"483",483,"1968-02-01",90.7747365048057,3.8,3.673819411,NA,NA,"med","low"
"484",484,"1968-03-01",89.0928569975353,3.7,4.142163975,NA,NA,"med","low"
"485",485,"1968-04-01",95.6969997406006,3.5,4.155828095,NA,24900,"med","low"
"486",486,"1968-05-01",97.8654549338601,3.5,4.088245437,NA,NA,"med","low"
"487",487,"1968-06-01",100.58529438692,3.7,4.545569347,NA,NA,"med","low"
"488",488,"1968-07-01",100.295294368968,3.7,4.753076334,NA,24800,"med","low"
"489",489,"1968-08-01",98.1138886345757,3.5,4.9466066,NA,NA,"med","low"
"490",490,"1968-09-01",101.339999030618,3.4,4.948246979,NA,NA,"med","low"
"491",491,"1968-10-01",103.75499979655,3.4,5.182592347,NA,25600,"high","low"
"492",492,"1968-11-01",105.400588091682,3.4,5.399387944,NA,NA,"high","low"
"493",493,"1968-12-01",106.475555843777,3.4,5.706347843,NA,NA,"high","low"
"494",494,"1969-01-01",102.043182719838,3.4,5.746196961,NA,25700,"high","low"
"495",495,"1969-02-01",101.458888583713,3.4,5.749956071,NA,NA,"high","low"
"496",496,"1969-03-01",99.3044994354248,3.4,6.125157849,NA,NA,"high","low"
"497",497,"1969-04-01",101.262856619699,3.4,6.505620421,NA,25900,"high","low"
"498",498,"1969-05-01",104.621905008952,3.4,6.780633974,NA,NA,"high","low"
"499",499,"1969-06-01",99.1171428135463,3.5,6.375966005,NA,NA,"high","low"
"500",500,"1969-07-01",94.711904616583,3.5,6.389268621,NA,25900,"high","low"
"501",501,"1969-08-01",94.1833328973679,3.5,6.414746498,NA,NA,"high","low"
"502",502,"1969-09-01",94.5061903454009,3.7,6.834758299,NA,NA,"high","low"
"503",503,"1969-10-01",95.5147824494735,3.7,6.560106336,NA,24900,"high","low"
"504",504,"1969-11-01",96.2052632382042,3.5,6.437390535,NA,NA,"high","low"
"505",505,"1969-12-01",91.1199999722567,3.5,6.402163808,NA,NA,"high","low"
"506",506,"1970-01-01",90.3328570411319,3.9,6.592370014,NA,23900,"high","low"
"507",507,"1970-02-01",87.1642110724198,4.2,7.053805927,NA,NA,"high","low"
"508",508,"1970-03-01",88.6523811703637,4.4,6.993096123,NA,NA,"high","med"
"509",509,"1970-04-01",85.9522715481845,4.6,6.817838113,NA,24400,"high","med"
"510",510,"1970-05-01",76.0614289783296,4.8,6.947734731,NA,NA,"high","med"
"511",511,"1970-06-01",75.5836361971768,4.9,7.151974844,NA,NA,"high","med"
"512",512,"1970-07-01",75.718636599454,5,7.00787567,NA,23000,"high","med"
"513",513,"1970-08-01",77.927618480864,5.1,7.114872285,NA,NA,"high","med"
"514",514,"1970-09-01",82.3738105410621,5.4,7.081263039,NA,NA,"high","med"
"515",515,"1970-10-01",84.3699999722567,5.5,7.057638255,NA,22600,"high","med"
"516",516,"1970-11-01",84.2909999847412,5.9,7.327620064,NA,NA,"high","med"
"517",517,"1970-12-01",90.0527281327681,6.1,7.342681298,NA,NA,"high","med"
"518",518,"1971-01-01",93.4915000915527,5.9,7.014858012,NA,24300,"high","med"
"519",519,"1971-02-01",97.112105118601,5.9,6.329604979,NA,NA,"high","med"
"520",520,"1971-03-01",99.6013044274372,6,5.50160847,NA,NA,"high","med"
"521",521,"1971-04-01",103.049523489816,5.9,5.306250794,NA,25800,"high","med"
"522",522,"1971-05-01",101.642500305176,5.9,5.060279237,NA,NA,"med","med"
"523",523,"1971-06-01",99.6663631092418,5.9,5.239199701,NA,NA,"high","med"
"524",524,"1971-07-01",98.975714183989,6,5.165044197,NA,25300,"high","med"
"525",525,"1971-08-01",97.2404549338601,6.1,4.913620811,NA,NA,"med","med"
"526",526,"1971-09-01",99.3961900983538,6,4.672385308,NA,NA,"med","med"
"527",527,"1971-10-01",97.2938090733119,5.8,4.376576593,NA,25500,"med","med"
"528",528,"1971-11-01",92.7795246669224,6,3.953153899,NA,NA,"med","med"
"529",529,"1971-12-01",99.1690906177868,6,3.677258309,NA,NA,"med","med"
"530",530,"1972-01-01",103.298570905413,5.8,3.728280469,NA,26200,"med","med"
"531",531,"1972-02-01",105.242999649048,5.7,3.841502967,NA,NA,"med","med"
"532",532,"1972-03-01",107.690453962846,5.8,4.057916253,NA,NA,"med","med"
"533",533,"1972-04-01",108.811000442505,5.7,3.971403024,NA,26800,"med","med"
"534",534,"1972-05-01",107.645454406738,5.7,3.863863418,NA,NA,"med","med"
"535",535,"1972-06-01",108.010455044833,5.7,3.488589959,NA,NA,"med","med"
"536",536,"1972-07-01",107.206999588013,5.6,3.467340855,NA,27900,"med","med"
"537",537,"1972-08-01",111.007391888162,5.6,3.366129082,NA,NA,"med","med"
"538",538,"1972-09-01",109.389501190186,5.5,3.1247262,NA,NA,"med","med"
"539",539,"1972-10-01",109.562727147883,5.6,3.331141241,NA,29200,"med","med"
"540",540,"1972-11-01",115.046999740601,5.3,3.268535943,NA,NA,"med","med"
"541",541,"1972-12-01",117.497368661981,5.2,3.147816809,NA,NA,"med","med"
"542",542,"1973-01-01",118.421905154274,4.9,2.842802671,NA,30200,"med","med"
"543",543,"1973-02-01",114.164211473967,5,2.881142745,NA,NA,"med","med"
"544",544,"1973-03-01",112.415454170921,4.9,2.929374136,NA,NA,"med","med"
"545",545,"1973-04-01",110.273999786377,5,3.031703085,NA,32700,"med","med"
"546",546,"1973-05-01",107.219545884566,4.9,3.175423207,NA,NA,"med","med"
"547",547,"1973-06-01",104.754761832101,4.9,3.098743668,NA,NA,"med","med"
"548",548,"1973-07-01",105.834285191127,4.8,3.013319714,NA,33500,"med","med"
"549",549,"1973-08-01",103.799565190854,4.8,3.322713188,NA,NA,"med","med"
"550",550,"1973-09-01",105.605263559442,4.8,3.944607922,NA,NA,"med","med"
"551",551,"1973-10-01",109.844348409901,4.6,4.765238145,NA,34000,"med","med"
"552",552,"1973-11-01",102.032857259115,4.8,4.927794502,NA,NA,"med","med"
"553",553,"1973-12-01",94.7840000152588,4.9,5.30805948,NA,NA,"high","med"
"554",554,"1974-01-01",96.1100002635609,5.1,5.845776926,NA,35200,"high","med"
"555",555,"1974-02-01",93.4531587299548,5.2,6.291538116,NA,NA,"high","med"
"556",556,"1974-03-01",97.4390473138718,5.1,6.816162733,NA,NA,"high","med"
"557",557,"1974-04-01",92.4561909266881,5.1,7.104721156,NA,35600,"high","med"
"558",558,"1974-05-01",89.667273087935,5.1,7.728315605,NA,NA,"high","med"
"559",559,"1974-06-01",89.7864994049072,5.4,8.616369341,NA,NA,"high","med"
"560",560,"1974-07-01",82.819090756503,5.5,9.526994824,NA,36200,"high","med"
"561",561,"1974-08-01",76.0250004855069,5.5,10.103211029,NA,NA,"high","med"
"562",562,"1974-09-01",68.1229995727539,5.9,10.593110106,NA,NA,"high","med"
"563",563,"1974-10-01",69.4356516962466,6,10.561468061,NA,37200,"high","med"
"564",564,"1974-11-01",71.7370002746582,6.6,10.985727169,NA,NA,"high","med"
"565",565,"1974-12-01",67.0733333769299,7.2,11.496042915,NA,NA,"high","high"
"566",566,"1975-01-01",72.5640910755504,8.1,11.624378564,NA,38100,"high","high"
"567",567,"1975-02-01",80.0968419125206,8.1,11.784135357,NA,NA,"high","high"
"568",568,"1975-03-01",83.831999206543,8.6,11.573788456,NA,NA,"high","high"
"569",569,"1975-04-01",84.7231819846413,8.8,11.698351766,NA,39000,"high","high"
"570",570,"1975-05-01",90.0961903163365,9,10.926931315,NA,NA,"high","high"
"571",571,"1975-06-01",92.3971434093657,8.8,10.432971739,NA,NA,"high","high"
"572",572,"1975-07-01",92.4872731295499,8.6,9.76743143,NA,38800,"high","high"
"573",573,"1975-08-01",85.7138094220843,8.4,8.920589927,NA,NA,"high","high"
"574",574,"1975-09-01",84.672380719866,8.4,8.520421165,NA,NA,"high","high"
"575",575,"1975-10-01",88.5743477862814,8.4,8.109587525,NA,41200,"high","high"
"576",576,"1975-11-01",90.0652634470086,8.3,8.092959791,NA,NA,"high","high"
"577",577,"1975-12-01",88.7004547119141,8.2,7.685189103,NA,NA,"high","high"
"578",578,"1976-01-01",96.8595235915412,7.9,7.691042386,NA,42800,"high","high"
"579",579,"1976-02-01",100.639474166067,7.7,7.373666255,NA,NA,"high","high"
"580",580,"1976-03-01",101.084347932235,7.6,7.334813689,NA,NA,"high","high"
"581",581,"1976-04-01",101.92952364967,7.7,6.847460223,NA,44200,"high","high"
"582",582,"1976-05-01",101.161999130249,7.4,6.965887097,NA,NA,"high","high"
"583",583,"1976-06-01",101.766817959872,7.6,6.871017008,NA,NA,"high","high"
"584",584,"1976-07-01",104.200952802386,7.8,7.088593777,NA,44400,"high","high"
"585",585,"1976-08-01",103.291818445379,7.8,7.352526572,NA,NA,"high","high"
"586",586,"1976-09-01",105.453333173479,7.6,7.092183496,NA,NA,"high","high"
"587",587,"1976-10-01",101.885237557547,7.7,6.878373933,NA,45500,"high","high"
"588",588,"1976-11-01",101.193499755859,7.8,6.612229044,NA,NA,"high","high"
"589",589,"1976-12-01",104.660908438943,7.8,6.196677638,NA,NA,"high","high"
"590",590,"1977-01-01",103.813333057222,7.5,6.048908185,NA,46300,"high","high"
"591",591,"1977-02-01",100.95578926488,7.6,6.05231412,NA,NA,"high","high"
"592",592,"1977-03-01",100.569564819336,7.4,6.102888398,NA,NA,"high","high"
"593",593,"1977-04-01",99.0500007629394,7.2,6.580655715,NA,48900,"high","high"
"594",594,"1977-05-01",98.7604758853004,7,6.741041444,NA,NA,"high","high"
"595",595,"1977-06-01",99.2859094793147,7.2,6.920217354,NA,NA,"high","high"
"596",596,"1977-07-01",100.178420217414,6.9,6.881150829,NA,48800,"high","high"
"597",597,"1977-08-01",97.7500003317128,7,6.832672177,NA,NA,"high","high"
"598",598,"1977-09-01",96.2323804582868,6.8,6.873489359,NA,NA,"high","high"
"599",599,"1977-10-01",93.7395230247861,6.8,6.950144555,NA,51600,"high","high"
"600",600,"1977-11-01",94.2833339146205,6.8,6.999499128,NA,NA,"high","high"
"601",601,"1977-12-01",93.8204767136347,6.4,7.363992642,NA,NA,"high","med"
"602",602,"1978-01-01",90.2495229811895,6.4,7.371987718,NA,53000,"high","med"
"603",603,"1978-02-01",88.9752634951943,6.3,7.341035476,NA,NA,"high","med"
"604",604,"1978-03-01",88.8195453990589,6.3,7.433603181,NA,NA,"high","med"
"605",605,"1978-04-01",92.7104995727539,6.1,7.413807475,NA,55300,"high","med"
"606",606,"1978-05-01",97.4122730601918,6,7.643491412,NA,NA,"high","med"
"607",607,"1978-06-01",97.6618180708452,5.9,7.679164103,NA,NA,"high","med"
"608",608,"1978-07-01",97.192499923706,6.2,7.912838518,NA,56100,"high","med"
"609",609,"1978-08-01",103.921739992888,5.9,8.176594615,NA,NA,"high","med"
"610",610,"1978-09-01",103.856999969483,6,8.576148162,NA,NA,"high","med"
"611",611,"1978-10-01",100.583635156805,5.8,9.03646557,NA,59000,"high","med"
"612",612,"1978-11-01",94.7095231555757,5.9,9.211524761,NA,NA,"high","med"
"613",613,"1978-12-01",96.1074996948242,6,9.058012586,NA,NA,"high","med"
"614",614,"1979-01-01",99.7050011374734,5.9,9.070516336,NA,60600,"high","med"
"615",615,"1979-02-01",98.2294737163343,5.9,9.571356337,NA,NA,"high","med"
"616",616,"1979-03-01",100.112272782759,5.8,9.675145162,NA,NA,"high","med"
"617",617,"1979-04-01",102.066000366211,5.8,9.918953512,NA,63100,"high","med"
"618",618,"1979-05-01",99.727727023038,5.6,10.082376559,NA,NA,"high","med"
"619",619,"1979-06-01",101.727618626186,5.7,10.269173247,NA,NA,"high","med"
"620",620,"1979-07-01",102.711428324382,5.7,10.50434739,NA,64700,"high","med"
"621",621,"1979-08-01",107.356086399244,6,10.93575743,NA,NA,"high","med"
"622",622,"1979-09-01",108.596842314068,5.9,10.98372295,NA,NA,"high","med"
"623",623,"1979-10-01",104.473042695419,6,11.257284188,NA,62600,"high","med"
"624",624,"1979-11-01",103.663810003371,5.9,11.926588317,NA,NA,"high","med"
"625",625,"1979-12-01",107.775999450684,6,12.734186684,NA,NA,"high","med"
"626",626,"1980-01-01",110.868181402033,6.3,13.469735746,NA,63700,"high","med"
"627",627,"1980-02-01",115.339001083374,6.3,13.599492679,NA,NA,"high","med"
"628",628,"1980-03-01",104.686190650577,6.3,14.331667424,NA,NA,"high","med"
"629",629,"1980-04-01",102.966667538598,6.9,14.755204998,NA,64000,"high","high"
"630",630,"1980-05-01",107.694285438174,7.5,15.115272835,NA,NA,"high","high"
"631",631,"1980-06-01",114.546666463216,7.6,15.774166719,NA,NA,"high","high"
"632",632,"1980-07-01",119.832727605646,7.8,14.133410238,NA,64900,"high","high"
"633",633,"1980-08-01",123.496666317894,7.7,13.268359535,NA,NA,"high","high"
"634",634,"1980-09-01",126.511902945382,7.5,13.087752647,NA,NA,"high","high"
"635",635,"1980-10-01",130.221738400667,7.5,13.084188753,NA,66400,"high","high"
"636",636,"1980-11-01",135.654442681207,7.5,12.870601808,NA,NA,"high","high"
"637",637,"1980-12-01",133.483182040128,7.2,12.685251999,NA,NA,"high","high"
"638",638,"1981-01-01",132.965712774368,7.5,12.018100571,NA,66800,"high","high"
"639",639,"1981-02-01",128.39526567961,7.4,11.229271193,NA,NA,"high","high"
"640",640,"1981-03-01",133.184999639338,7.4,10.319341471,NA,NA,"high","high"
"641",641,"1981-04-01",134.427618117559,7.2,9.710596634,NA,69400,"high","high"
"642",642,"1981-05-01",131.727000427246,7.5,9.603160634,NA,NA,"high","high"
"643",643,"1981-06-01",132.277729381214,7.5,9.212167638,NA,NA,"high","high"
"644",644,"1981-07-01",129.127726814964,7.2,11.238230349,NA,69200,"high","high"
"645",645,"1981-08-01",129.629523141043,7.4,11.81874206,NA,NA,"high","high"
"646",646,"1981-09-01",118.26952398391,7.6,12.228963711,NA,NA,"high","high"
"647",647,"1981-10-01",119.797727064653,7.9,11.266251913,NA,70400,"high","high"
"648",648,"1981-11-01",122.919499588013,8.3,10.524035314,NA,NA,"high","high"
"649",649,"1981-12-01",123.794090964577,8.5,9.855791699,NA,NA,"high","high"
"650",650,"1982-01-01",117.276500320435,8.6,9.469843405,NA,66400,"high","high"
"651",651,"1982-02-01",114.495263350637,8.9,9.539828014,NA,NA,"high","high"
"652",652,"1982-03-01",110.842173700747,9,8.890430545,NA,NA,"high","high"
"653",653,"1982-04-01",116.30714343843,9.3,9.081124943,NA,69600,"high","high"
"654",654,"1982-05-01",116.35299949646,9.4,9.052945034,NA,NA,"high","high"
"655",655,"1982-06-01",109.697727203369,9.6,8.878235542,NA,NA,"high","high"
"656",656,"1982-07-01",109.376666841053,9.8,7.889386151,NA,69300,"high","high"
"657",657,"1982-08-01",109.651364066384,9.8,7.329095724,NA,NA,"high","high"
"658",658,"1982-09-01",122.433332897368,10.1,5.979568161,NA,NA,"high","high"
"659",659,"1982-10-01",132.660477411179,10.4,5.978948458,NA,71600,"high","high"
"660",660,"1982-11-01",138.100952875046,10.8,5.304532965,NA,NA,"high","high"
"661",661,"1982-12-01",139.365911310369,10.8,4.248605204,NA,NA,"med","high"
"662",662,"1983-01-01",144.267142159598,10.4,4.424606951,NA,73300,"med","high"
"663",663,"1983-02-01",146.796840466951,10.4,4.356216055,NA,NA,"med","high"
"664",664,"1983-03-01",151.876521234927,10.3,4.586331541,NA,NA,"med","high"
"665",665,"1983-04-01",157.712000274658,10.2,4.187719488,NA,74900,"med","high"
"666",666,"1983-05-01",164.097143264044,10.1,3.285270905,NA,NA,"med","high"
"667",667,"1983-06-01",166.369091380726,10.1,2.582464401,NA,NA,"med","high"
"668",668,"1983-07-01",166.950998687744,9.4,2.370321394,NA,77400,"low","high"
"669",669,"1983-08-01",162.417824786642,9.5,2.293245829,NA,NA,"low","high"
"670",670,"1983-09-01",167.16047668457,9.2,2.688915363,NA,NA,"med","high"
"671",671,"1983-10-01",167.654284522647,8.8,2.837489986,NA,75900,"med","high"
"672",672,"1983-11-01",165.230951944987,8.5,3.496604743,NA,NA,"med","high"
"673",673,"1983-12-01",164.371427990141,8.3,4.455576949,NA,NA,"med","high"
"674",674,"1984-01-01",166.392856416248,8,4.47100051,60420,78200,"med","high"
"675",675,"1984-02-01",157.250501251221,7.8,4.509240951,NA,NA,"med","high"
"676",676,"1984-03-01",157.438638166948,7.8,4.638826514,NA,NA,"med","high"
"677",677,"1984-04-01",157.601499176025,7.7,4.632179596,NA,80700,"med","high"
"678",678,"1984-05-01",156.550908868963,7.4,4.693964637,NA,NA,"med","high"
"679",679,"1984-06-01",153.124760945638,7.2,4.773046608,NA,NA,"med","high"
"680",680,"1984-07-01",151.07809593564,7.5,4.88156286,NA,81000,"med","high"
"681",681,"1984-08-01",164.420869246773,7.5,5.017877611,NA,NA,"med","high"
"682",682,"1984-09-01",166.112629940635,7.3,5.122410713,NA,NA,"med","high"
"683",683,"1984-10-01",164.818694404934,7.4,5.086232886,NA,79900,"med","high"
"684",684,"1984-11-01",166.271905081613,7.2,4.951399759,NA,NA,"med","high"
"685",685,"1984-12-01",164.480001068115,7.3,5.03485707,NA,NA,"med","high"
"686",686,"1985-01-01",171.612727078524,7.3,4.71440976,61570,82800,"med","high"
"687",687,"1985-02-01",180.884737516704,7.2,4.860092398,NA,NA,"med","high"
"688",688,"1985-03-01",179.419998168945,7.2,4.95037523,NA,NA,"med","high"
"689",689,"1985-04-01",180.618570236933,7.3,4.742850309,NA,84300,"med","high"
"690",690,"1985-05-01",184.899089466442,7.2,5.02421107,NA,NA,"med","high"
"691",691,"1985-06-01",188.885999298096,7.4,5.042571195,NA,NA,"med","high"
"692",692,"1985-07-01",192.544544566761,7.4,4.934458147,NA,83200,"med","high"
"693",693,"1985-08-01",188.306363886053,7.1,4.931448285,NA,NA,"med","high"
"694",694,"1985-09-01",184.205790469521,7.1,4.772256068,NA,NA,"med","high"
"695",695,"1985-10-01",186.180434517239,7.1,4.87735108,NA,86800,"med","high"
"696",696,"1985-11-01",197.445500183106,7,5.134382326,NA,NA,"med","high"
"697",697,"1985-12-01",207.257619222005,7,5.015425836,NA,NA,"med","high"
"698",698,"1986-01-01",208.194089716131,6.7,5.280952944,63850,88000,"high","high"
"699",699,"1986-02-01",219.365261680201,7.2,5.109255446,NA,NA,"med","high"
"700",700,"1986-03-01",232.327000427246,7.2,5.212476107,NA,NA,"high","high"
"701",701,"1986-04-01",237.967728354714,7.1,5.352667382,NA,92100,"high","high"
"702",702,"1986-05-01",238.459047589983,7.2,5.024657147,NA,NA,"med","high"
"703",703,"1986-06-01",245.295714605422,7.2,5.026885723,NA,NA,"med","high"
"704",704,"1986-07-01",240.179998918013,7,4.960427947,NA,93000,"med","high"
"705",705,"1986-08-01",245.000951131185,6.9,4.823456322,NA,NA,"med","high"
"706",706,"1986-09-01",238.269047328404,7,4.947499067,NA,NA,"med","high"
"707",707,"1986-10-01",237.35608706267,7,4.881662479,NA,95000,"med","high"
"708",708,"1986-11-01",245.092632896022,6.9,4.575152807,NA,NA,"med","high"
"709",709,"1986-12-01",248.605454184792,6.6,4.654910621,NA,NA,"med","med"
"710",710,"1987-01-01",264.510951450893,6.6,4.492110038,64650,97900,"med","med"
"711",711,"1987-02-01",280.934215344881,6.6,4.45173175,NA,NA,"med","med"
"712",712,"1987-03-01",292.47136480158,6.6,4.276017854,NA,NA,"med","med"
"713",713,"1987-04-01",289.321905226934,6.3,4.371203735,NA,103400,"med","med"
"714",714,"1987-05-01",289.115498352051,6.3,4.429512321,NA,NA,"med","med"
"715",715,"1987-06-01",301.384090076793,6.2,4.187984457,NA,NA,"med","med"
"716",716,"1987-07-01",310.087271950462,6.1,4.178766144,NA,106000,"med","med"
"717",717,"1987-08-01",329.358093261719,6,4.293051178,NA,NA,"med","med"
"718",718,"1987-09-01",318.660951160249,5.9,4.305931321,NA,NA,"med","med"
"719",719,"1987-10-01",280.164091630416,6,4.356981982,NA,111500,"med","med"
"720",720,"1987-11-01",245.008500671387,5.8,4.329616016,NA,NA,"med","med"
"721",721,"1987-12-01",240.955909729004,5.7,4.291749243,NA,NA,"med","med"
"722",722,"1988-01-01",250.476502990723,5.7,4.373233966,65130,110000,"med","med"
"723",723,"1988-02-01",258.12799911499,5.7,4.375628463,NA,NA,"med","med"
"724",724,"1988-03-01",265.737392259681,5.7,4.440936865,NA,NA,"med","med"
"725",725,"1988-04-01",262.615498352051,5.4,4.37597416,NA,110000,"med","med"
"726",726,"1988-05-01",256.123811267671,5.6,4.432652625,NA,NA,"med","med"
"727",727,"1988-06-01",270.682728160511,5.4,4.673118224,NA,NA,"med","med"
"728",728,"1988-07-01",269.04949798584,5.4,4.70086963,NA,115000,"med","med"
"729",729,"1988-08-01",263.72651871391,5.6,4.674256215,NA,NA,"med","med"
"730",730,"1988-09-01",267.970001220703,5.4,4.721200474,NA,NA,"med","med"
"731",731,"1988-10-01",277.395715622675,5.4,4.607887381,NA,113900,"med","med"
"732",732,"1988-11-01",271.024287632533,5.3,4.742903047,NA,NA,"med","med"
"733",733,"1988-12-01",276.514758882069,5.3,4.790034691,NA,NA,"med","med"
"734",734,"1989-01-01",285.413812546503,5.4,4.748201473,66240,118000,"med","med"
"735",735,"1989-02-01",294.011052181846,5.2,4.783533199,NA,NA,"med","med"
"736",736,"1989-03-01",292.713181929155,5,4.750414948,NA,NA,"med","med"
"737",737,"1989-04-01",302.250996398926,5.2,4.618488017,NA,118900,"med","med"
"738",738,"1989-05-01",313.929999611594,5.2,4.742747969,NA,NA,"med","med"
"739",739,"1989-06-01",323.727727716619,5.3,4.74510822,NA,NA,"med","med"
"740",740,"1989-07-01",331.926501464844,5.2,4.893807623,NA,120000,"med","med"
"741",741,"1989-08-01",346.607826564623,5.2,4.854148787,NA,NA,"med","med"
"742",742,"1989-09-01",347.329501342773,5.3,4.669891213,NA,NA,"med","med"
"743",743,"1989-10-01",347.397272283381,5.3,4.802933382,NA,124800,"med","med"
"744",744,"1989-11-01",340.219045003255,5.4,4.797568826,NA,NA,"med","med"
"745",745,"1989-12-01",348.57200012207,5.4,4.829006386,NA,NA,"med","med"
"746",746,"1990-01-01",339.971818403764,5.4,4.905908309,65440,123900,"med","med"
"747",747,"1990-02-01",330.452635112562,5.3,4.91755923,NA,NA,"med","med"
"748",748,"1990-03-01",338.465000499379,5.2,5.19152475,NA,NA,"high","med"
"749",749,"1990-04-01",338.177998352051,5.4,5.276985365,NA,126800,"high","med"
"750",750,"1990-05-01",350.250001387163,5.4,5.166732439,NA,NA,"high","med"
"751",751,"1990-06-01",360.386666434152,5.2,5.370697673,NA,NA,"high","med"
"752",752,"1990-07-01",360.030952090309,5.5,5.516605952,NA,117000,"high","med"
"753",753,"1990-08-01",330.746519669243,5.7,5.836270781,NA,NA,"high","med"
"754",754,"1990-09-01",315.406842683491,5.9,5.930360317,NA,NA,"high","med"
"755",755,"1990-10-01",307.124785050102,5.9,5.798506168,NA,121500,"high","med"
"756",756,"1990-11-01",315.290953136626,6.2,5.683108196,NA,NA,"high","med"
"757",757,"1990-12-01",328.749502563477,6.3,5.651092078,NA,NA,"high","med"
"758",758,"1991-01-01",325.485455599698,6.4,5.815290409,63530,120000,"high","med"
"759",759,"1991-02-01",362.263157894737,6.6,5.8623588,NA,NA,"high","med"
"760",760,"1991-03-01",372.278999328613,6.8,5.474284579,NA,NA,"high","high"
"761",761,"1991-04-01",379.678636030717,6.7,5.276160434,NA,119900,"high","high"
"762",762,"1991-05-01",377.992272116921,6.9,5.222445891,NA,NA,"high","high"
"763",763,"1991-06-01",378.292999267578,6.9,4.934653949,NA,NA,"med","high"
"764",764,"1991-07-01",380.226817737926,6.8,4.713410392,NA,120000,"med","high"
"765",765,"1991-08-01",389.403178821911,6.9,4.393094508,NA,NA,"med","high"
"766",766,"1991-09-01",387.198500061035,6.9,4.443594793,NA,NA,"med","high"
"767",767,"1991-10-01",386.883479906165,7,4.288991989,NA,120000,"med","high"
"768",768,"1991-11-01",385.919499206543,7,4.34967757,NA,NA,"med","high"
"769",769,"1991-12-01",388.510476248605,7.3,4.346967664,NA,NA,"med","high"
"770",770,"1992-01-01",416.074996948242,7.3,4.052308746,63010,119500,"med","high"
"771",771,"1992-02-01",412.555790951377,7.4,3.861765064,NA,NA,"med","high"
"772",772,"1992-03-01",407.364544955167,7.4,3.975844252,NA,NA,"med","high"
"773",773,"1992-04-01",407.407143729074,7.4,4.066438773,NA,120000,"med","high"
"774",774,"1992-05-01",414.814501953125,7.6,3.926410529,NA,NA,"med","high"
"775",775,"1992-06-01",408.274547230114,7.8,3.860188559,NA,NA,"med","high"
"776",776,"1992-07-01",415.05136385831,7.7,3.769367667,NA,120000,"med","high"
"777",777,"1992-08-01",417.927142915272,7.6,3.628120085,NA,NA,"med","high"
"778",778,"1992-09-01",418.477142333984,7.6,3.349237754,NA,NA,"med","high"
"779",779,"1992-10-01",412.502728548917,7.3,3.6359146,NA,126000,"med","high"
"780",780,"1992-11-01",422.843997192383,7.4,3.629469745,NA,NA,"med","high"
"781",781,"1992-12-01",435.639545787465,7.4,3.478262556,NA,NA,"med","high"
"782",782,"1993-01-01",435.228999328613,7.3,3.528455109,62700,125000,"med","high"
"783",783,"1993-02-01",441.70368074116,7.1,3.561853788,NA,NA,"med","high"
"784",784,"1993-03-01",450.155216382897,7,3.334428143,NA,NA,"med","high"
"785",785,"1993-04-01",443.077620733352,7.1,3.404237829,NA,127000,"med","high"
"786",786,"1993-05-01",445.24649810791,7.1,3.532736691,NA,NA,"med","high"
"787",787,"1993-06-01",448.05954395641,7,3.569326945,NA,NA,"med","high"
"788",788,"1993-07-01",447.286188034784,6.9,3.422616714,NA,127000,"med","high"
"789",789,"1993-08-01",454.127728548917,6.8,3.508810757,NA,NA,"med","high"
"790",790,"1993-09-01",459.235233851841,6.7,3.642383692,NA,NA,"med","high"
"791",791,"1993-10-01",463.89999680292,6.8,3.424737275,NA,127000,"med","high"
"792",792,"1993-11-01",462.890475318545,6.6,3.436277096,NA,NA,"med","med"
"793",793,"1993-12-01",465.945456764915,6.5,3.548475916,NA,NA,"med","med"
"794",794,"1994-01-01",472.992857433501,6.6,3.375759896,63370,130000,"med","med"
"795",795,"1994-02-01",471.579999421772,6.6,3.415920384,NA,NA,"med","med"
"796",796,"1994-03-01",463.807826829993,6.5,3.570150943,NA,NA,"med","med"
"797",797,"1994-04-01",447.232107062089,6.4,3.354397547,NA,130000,"med","med"
"798",798,"1994-05-01",450.898572649275,6.1,3.225532887,NA,NA,"med","med"
"799",799,"1994-06-01",454.825908314098,6.1,3.194738495,NA,NA,"med","med"
"800",800,"1994-07-01",451.400999450683,6.1,3.233880147,NA,129700,"med","med"
"801",801,"1994-08-01",464.243045972741,6,3.306714086,NA,NA,"med","med"
"802",802,"1994-09-01",466.958092099144,5.9,3.254281644,NA,NA,"med","med"
"803",803,"1994-10-01",463.813809349424,5.8,3.164264289,NA,132000,"med","med"
"804",804,"1994-11-01",461.015239897228,5.6,3.128282179,NA,NA,"med","med"
"805",805,"1994-12-01",455.186664399646,5.5,2.901446577,NA,NA,"med","med"
"806",806,"1995-01-01",465.25,5.6,3.144200833,65380,130000,"med","med"
"807",807,"1995-02-01",481.92473722759,5.4,3.124100115,NA,NA,"med","med"
"808",808,"1995-03-01",493.153046981148,5.4,3.167481169,NA,NA,"med","med"
"809",809,"1995-04-01",507.90579063014,5.8,3.306684647,NA,133900,"med","med"
"810",810,"1995-05-01",523.813640247692,5.6,3.355294523,NA,NA,"med","med"
"811",811,"1995-06-01",539.354084361683,5.6,3.332283478,NA,NA,"med","med"
"812",812,"1995-07-01",557.366497802734,5.7,3.386948974,NA,132000,"med","med"
"813",813,"1995-08-01",559.110001273777,5.7,3.23814109,NA,NA,"med","med"
"814",814,"1995-09-01",578.765493774414,5.6,3.351697522,NA,NA,"med","med"
"815",815,"1995-10-01",582.918182373047,5.5,3.46411606,NA,138000,"med","med"
"816",816,"1995-11-01",595.532380603609,5.6,3.37996065,NA,NA,"med","med"
"817",817,"1995-12-01",614.570999145508,5.6,3.379829487,NA,NA,"med","med"
"818",818,"1996-01-01",614.420005104759,5.6,3.277075064,66340,137000,"med","med"
"819",819,"1996-02-01",649.542004394531,5.5,3.259936249,NA,NA,"med","med"
"820",820,"1996-03-01",647.074759347098,5.5,3.134500987,NA,NA,"med","med"
"821",821,"1996-04-01",647.172854468936,5.6,3.004778103,NA,139900,"med","med"
"822",822,"1996-05-01",661.230454878374,5.6,3.047772222,NA,NA,"med","med"
"823",823,"1996-06-01",668.498992919922,5.3,3.051784638,NA,NA,"med","med"
"824",824,"1996-07-01",644.070453990589,5.5,3.087421545,NA,140000,"med","med"
"825",825,"1996-08-01",662.682278719815,5.1,3.083473301,NA,NA,"med","med"
"826",826,"1996-09-01",674.885498046875,5.2,3.063090207,NA,NA,"med","med"
"827",827,"1996-10-01",701.455653978431,5.2,2.943741816,NA,144100,"med","med"
"828",828,"1996-11-01",735.669006347656,5.4,2.980390413,NA,NA,"med","med"
"829",829,"1996-12-01",743.249040876116,5.4,3.05642197,NA,NA,"med","med"
"830",830,"1997-01-01",766.216816295277,5.3,2.91241515,67720,145000,"med","med"
"831",831,"1997-02-01",798.384216308594,5.2,2.802464903,NA,NA,"med","med"
"832",832,"1997-03-01",792.155502319336,5.2,2.854608076,NA,NA,"med","med"
"833",833,"1997-04-01",763.928186590021,5.1,2.910920374,NA,145800,"med","med"
"834",834,"1997-05-01",833.091430664062,4.9,2.870203143,NA,NA,"med","med"
"835",835,"1997-06-01",876.28619094122,5,2.828445596,NA,NA,"med","med"
"836",836,"1997-07-01",925.294544566761,4.9,2.752239262,NA,145000,"med","med"
"837",837,"1997-08-01",927.735711960566,4.8,2.653670773,NA,NA,"med","med"
"838",838,"1997-09-01",937.024286179315,4.9,2.544804261,NA,NA,"med","med"
"839",839,"1997-10-01",951.159561820652,4.7,2.618900715,NA,144200,"med","med"
"840",840,"1997-11-01",938.923689992804,4.6,2.548580799,NA,NA,"med","med"
"841",841,"1997-12-01",962.365456321023,4.7,2.621535622,NA,NA,"med","med"
"842",842,"1998-01-01",963.359002685547,4.6,2.673178027,70200,152200,"med","med"
"843",843,"1998-02-01",1023.74211361534,4.6,2.691552555,NA,NA,"med","med"
"844",844,"1998-03-01",1076.82773104581,4.7,2.672304266,NA,NA,"med","med"
"845",845,"1998-04-01",1112.19619605655,4.3,2.640497846,NA,149500,"med","low"
"846",846,"1998-05-01",1108.41699829102,4.4,2.611332031,NA,NA,"med","med"
"847",847,"1998-06-01",1108.38953191584,4.5,2.600204475,NA,NA,"med","med"
"848",848,"1998-07-01",1156.57727050781,4.5,2.603335947,NA,153000,"med","med"
"849",849,"1998-08-01",1074.62047177269,4.5,2.633982138,NA,NA,"med","med"
"850",850,"1998-09-01",1020.64000011626,4.6,2.594217982,NA,NA,"med","med"
"851",851,"1998-10-01",1032.47000954368,4.5,2.535056337,NA,153000,"med","med"
"852",852,"1998-11-01",1144.43348388672,4.4,2.523581703,NA,NA,"med","med"
"853",853,"1998-12-01",1190.05090332031,4.4,2.437823,NA,NA,"low","med"
"854",854,"1999-01-01",1248.77473530016,4.3,2.383116,71980,157400,"low","low"
"855",855,"1999-02-01",1246.58211477179,4.4,2.316234,NA,NA,"low","med"
"856",856,"1999-03-01",1281.66391389266,4.2,2.237507,NA,NA,"low","low"
"857",857,"1999-04-01",1334.75666155134,4.3,2.226592,NA,158700,"low","low"
"858",858,"1999-05-01",1332.07401123047,4.2,2.153318,NA,NA,"low","low"
"859",859,"1999-06-01",1322.552734375,4.3,2.070264,NA,NA,"low","low"
"860",860,"1999-07-01",1380.99000186012,4.3,2.111144,NA,159100,"low","low"
"861",861,"1999-08-01",1327.48865300959,4.2,2.094839,NA,NA,"low","low"
"862",862,"1999-09-01",1318.17190406436,4.2,2.070746,NA,NA,"low","low"
"863",863,"1999-10-01",1300.01000976562,4.1,2.04962,NA,165300,"low","low"
"864",864,"1999-11-01",1391.00284830729,4.1,2.147821,NA,NA,"low","low"
"865",865,"1999-12-01",1428.68409312855,4,2.167848,NA,NA,"low","low"
"866",866,"2000-01-01",1425.58550415039,4,2.335519,71790,165300,"low","low"
"867",867,"2000-02-01",1388.87449951172,4.1,2.379221,NA,NA,"low","low"
"868",868,"2000-03-01",1442.21259871773,4,2.483286,NA,NA,"med","low"
"869",869,"2000-04-01",1461.35525673314,3.8,2.409239,NA,163200,"low","low"
"870",870,"2000-05-01",1418.479547674,4,2.558647,NA,NA,"med","low"
"871",871,"2000-06-01",1461.95908979936,4,2.701492,NA,NA,"med","low"
"872",872,"2000-07-01",1473.00249633789,4,2.71297,NA,168800,"med","low"
"873",873,"2000-08-01",1485.45825726053,4.1,2.874818,NA,NA,"med","low"
"874",874,"2000-09-01",1468.05400390625,3.9,2.897082,NA,NA,"med","low"
"875",875,"2000-10-01",1390.14409290661,3.9,2.919941,NA,172900,"med","low"
"876",876,"2000-11-01",1375.03760346912,3.9,2.870145,NA,NA,"med","low"
"877",877,"2000-12-01",1330.92949829102,3.9,2.972089,NA,NA,"med","low"
"878",878,"2001-01-01",1335.63905552455,4.2,2.878468,70610,169800,"med","low"
"879",879,"2001-02-01",1305.75158048931,4.2,2.979742,NA,NA,"med","low"
"880",880,"2001-03-01",1185.85000887784,4.3,2.961886,NA,NA,"med","low"
"881",881,"2001-04-01",1189.83699951172,4.4,3.091112,NA,179000,"med","med"
"882",882,"2001-05-01",1270.3686356978,4.3,3.07401,NA,NA,"med","low"
"883",883,"2001-06-01",1238.71046665737,4.5,3.200619,NA,NA,"med","med"
"884",884,"2001-07-01",1204.44952101935,4.6,3.207811,NA,172500,"med","med"
"885",885,"2001-08-01",1178.50392747962,4.9,3.251713,NA,NA,"med","med"
"886",886,"2001-09-01",1044.64399414063,5,3.388746,NA,NA,"med","med"
"887",887,"2001-10-01",1076.59043817935,5.3,3.484066,NA,171100,"med","med"
"888",888,"2001-11-01",1129.68333217076,5.5,3.601999,NA,NA,"med","med"
"889",889,"2001-12-01",1144.93001098633,5.7,3.56492,NA,NA,"med","med"
"890",890,"2002-01-01",1140.20762416295,5.7,3.557463,70040,188700,"med","med"
"891",891,"2002-02-01",1100.66893888775,5.7,3.527436,NA,NA,"med","med"
"892",892,"2002-03-01",1153.79100341797,5.7,3.46848,NA,NA,"med","med"
"893",893,"2002-04-01",1112.03454034979,5.9,3.465822,NA,187200,"med","med"
"894",894,"2002-05-01",1079.26727849787,5.8,3.452132,NA,NA,"med","med"
"895",895,"2002-06-01",1014.04800720215,5.8,3.241692,NA,NA,"med","med"
"896",896,"2002-07-01",903.585457541726,5.8,3.263706,NA,178100,"med","med"
"897",897,"2002-08-01",912.552273837003,5.7,3.146595,NA,NA,"med","med"
"898",898,"2002-09-01",867.812005615234,5.7,3.026606,NA,NA,"med","med"
"899",899,"2002-10-01",854.631307850713,5.7,2.937194,NA,190100,"med","med"
"900",900,"2002-11-01",909.927005004883,5.9,2.824322,NA,NA,"med","med"
"901",901,"2002-12-01",899.178574335007,6,2.792164,NA,NA,"med","med"
"902",902,"2003-01-01",895.836190359933,5.8,2.778159,70080,186000,"med","med"
"903",903,"2003-02-01",837.618951094778,5.9,2.69562,NA,NA,"med","med"
"904",904,"2003-03-01",846.621425083705,5.9,2.619135,NA,NA,"med","med"
"905",905,"2003-04-01",890.025713239397,6,2.450573,NA,191800,"low","med"
"906",906,"2003-05-01",935.962852841332,6.1,2.338588,NA,NA,"low","med"
"907",907,"2003-06-01",987.995239257813,6.3,2.261697,NA,NA,"low","med"
"908",908,"2003-07-01",992.54091020064,6.2,2.228217,NA,191900,"low","med"
"909",909,"2003-08-01",989.531909760975,6.1,2.155287,NA,NA,"low","med"
"910",910,"2003-09-01",1019.44190034412,6.1,2.174311,NA,NA,"low","med"
"911",911,"2003-10-01",1038.73434315557,6,2.150681,NA,198800,"low","med"
"912",912,"2003-11-01",1049.89894505551,5.8,2.025956,NA,NA,"low","med"
"913",913,"2003-12-01",1080.63591974432,5.7,1.967767,NA,NA,"low","med"
"914",914,"2004-01-01",1132.5174987793,5.7,1.949813,69970,212700,"low","med"
"915",915,"2004-02-01",1143.35632324219,5.6,2.037157,NA,NA,"low","med"
"916",916,"2004-03-01",1123.97824494735,5.8,2.126567,NA,NA,"low","med"
"917",917,"2004-04-01",1133.07857259115,5.6,2.247883,NA,217600,"low","med"
"918",918,"2004-05-01",1102.78150024414,5.6,2.228612,NA,NA,"low","med"
"919",919,"2004-06-01",1132.75715564546,5.6,2.370793,NA,NA,"low","med"
"920",920,"2004-07-01",1105.84665643601,5.5,2.254997,NA,213500,"low","med"
"921",921,"2004-08-01",1088.93499200994,5.4,2.249671,NA,NA,"low","med"
"922",922,"2004-09-01",1117.65620349702,5.4,2.23192,NA,NA,"low","med"
"923",923,"2004-10-01",1118.06809779576,5.5,2.229333,NA,228800,"low","med"
"924",924,"2004-11-01",1168.93762207031,5.4,2.293798,NA,NA,"low","med"
"925",925,"2004-12-01",1199.20954478871,5.4,2.304188,NA,NA,"low","med"
"926",926,"2005-01-01",1181.40799560547,5.3,2.308836,71060,232500,"low","med"
"927",927,"2005-02-01",1199.62684390419,5.4,2.279146,NA,NA,"low","med"
"928",928,"2005-03-01",1194.89772727273,5.2,2.238654,NA,NA,"low","med"
"929",929,"2005-04-01",1164.42761230469,5.2,2.231837,NA,233700,"low","med"
"930",930,"2005-05-01",1178.27571614583,5.1,2.350311,NA,NA,"low","med"
"931",931,"2005-06-01",1202.25316827947,5,2.191008,NA,NA,"low","med"
"932",932,"2005-07-01",1222.23699951172,5,2.292571,NA,236400,"low","med"
"933",933,"2005-08-01",1224.26999830163,4.9,2.256804,NA,NA,"low","med"
"934",934,"2005-09-01",1225.91477167039,5,2.326514,NA,NA,"low","med"
"935",935,"2005-10-01",1191.96428571429,5,2.318218,NA,243600,"low","med"
"936",936,"2005-11-01",1237.36856515067,5,2.424911,NA,NA,"low","med"
"937",937,"2005-12-01",1262.07191103981,4.9,2.463042,NA,NA,"med","med"
"938",938,"2006-01-01",1278.72249755859,4.7,2.444816,71850,247700,"low","med"
"939",939,"2006-02-01",1276.64527652138,4.8,2.492938,NA,NA,"med","med"
"940",940,"2006-03-01",1293.73477836277,4.7,2.575349,NA,NA,"med","med"
"941",941,"2006-04-01",1302.16527035362,4.7,2.67529,NA,246300,"med","med"
"942",942,"2006-05-01",1290.0136274858,4.6,2.778406,NA,NA,"med","med"
"943",943,"2006-06-01",1253.16817959872,4.6,3.029285,NA,NA,"med","med"
"944",944,"2006-07-01",1260.23450317383,4.7,3.089187,NA,235600,"med","med"
"945",945,"2006-08-01",1287.14956797724,4.7,3.219901,NA,NA,"med","med"
"946",946,"2006-09-01",1317.74301147461,4.5,3.207054,NA,NA,"med","med"
"947",947,"2006-10-01",1363.37726384943,4.4,3.285968,NA,245400,"med","med"
"948",948,"2006-11-01",1388.63475399925,4.5,3.141252,NA,NA,"med","med"
"949",949,"2006-12-01",1416.42000732422,4.4,3.1159,NA,NA,"med","med"
"950",950,"2007-01-01",1424.16098632813,4.6,3.136734,73010,257400,"med","med"
"951",951,"2007-02-01",1444.79474840666,4.5,3.152428,NA,NA,"med","med"
"952",952,"2007-03-01",1406.95182106712,4.4,3.099888,NA,NA,"med","med"
"953",953,"2007-04-01",1463.64050292969,4.5,2.957465,NA,242200,"med","med"
"954",954,"2007-05-01",1511.13681307706,4.4,2.774199,NA,NA,"med","med"
"955",955,"2007-06-01",1514.48951939174,4.6,2.621714,NA,NA,"med","med"
"956",956,"2007-07-01",1520.70475841704,4.7,2.525322,NA,241800,"med","med"
"957",957,"2007-08-01",1454.61695928159,4.6,2.459164,NA,NA,"low","med"
"958",958,"2007-09-01",1497.11632658306,4.7,2.475003,NA,NA,"med","med"
"959",959,"2007-10-01",1539.65869140625,4.7,2.494632,NA,238400,"med","med"
"960",960,"2007-11-01",1463.38523646763,4.7,2.64947,NA,NA,"med","med"
"961",961,"2007-12-01",1479.22349853516,5,2.712396,NA,NA,"med","med"
"962",962,"2008-01-01",1378.76380557106,5,2.747695,70520,233900,"med","med"
"963",963,"2008-02-01",1354.87250976563,4.9,2.617738,NA,NA,"med","med"
"964",964,"2008-03-01",1316.94299316406,5.1,2.688949,NA,NA,"med","med"
"965",965,"2008-04-01",1370.46909401634,5,2.725505,NA,235300,"med","med"
"966",966,"2008-05-01",1403.21761648996,5.4,2.793043,NA,NA,"med","med"
"967",967,"2008-06-01",1341.25096493676,5.6,2.933931,NA,NA,"med","med"
"968",968,"2008-07-01",1257.32636607777,5.8,3.010504,NA,226500,"med","med"
"969",969,"2008-08-01",1281.4723656064,6.1,3.080765,NA,NA,"med","med"
"970",970,"2008-09-01",1217.0228562128,6.1,3.071629,NA,NA,"med","med"
"971",971,"2008-10-01",968.800874129586,6.5,2.922213,NA,222500,"med","med"
"972",972,"2008-11-01",883.04052734375,6.8,2.777101,NA,NA,"med","high"
"973",973,"2008-12-01",877.56181751598,7.3,2.614507,NA,NA,"med","high"
"974",974,"2009-01-01",865.575500488281,7.8,2.535975,70070,208400,"med","high"
"975",975,"2009-02-01",805.227368806538,8.3,2.54257,NA,NA,"med","high"
"976",976,"2009-03-01",757.126814408736,8.7,2.437701,NA,NA,"low","high"
"977",977,"2009-04-01",848.15189906529,9,2.359914,NA,220900,"low","high"
"978",978,"2009-05-01",902.408502197266,9.4,2.273815,NA,NA,"low","high"
"979",979,"2009-06-01",926.115001331676,9.5,2.078064,NA,NA,"low","high"
"980",980,"2009-07-01",935.821363969283,9.5,1.910212,NA,214300,"low","high"
"981",981,"2009-08-01",1009.72475760324,9.6,1.757047,NA,NA,"low","high"
"982",982,"2009-09-01",1044.55238269624,9.8,1.602846,NA,NA,"low","high"
"983",983,"2009-10-01",1067.66362970526,10,1.509202,NA,219000,"low","high"
"984",984,"2009-11-01",1088.06900634765,9.9,1.361569,NA,NA,"low","high"
"985",985,"2009-12-01",1110.37772438743,9.9,1.318775,NA,NA,"low","high"
"986",986,"2010-01-01",1123.58158151727,9.8,1.170764,68420,222900,"low","high"
"987",987,"2010-02-01",1089.15998920641,9.8,1.048684,NA,NA,"low","high"
"988",988,"2010-03-01",1152.04869013247,9.9,0.9255025,NA,NA,"low","high"
"989",989,"2010-04-01",1197.31618536086,9.9,0.869413,NA,219500,"low","high"
"990",990,"2010-05-01",1125.06200561523,9.6,0.7933019,NA,NA,"low","high"
"991",991,"2010-06-01",1083.36089533026,9.4,0.7780126,NA,NA,"low","high"
"992",992,"2010-07-01",1079.80333600725,9.4,0.7440706,NA,224100,"low","high"
"993",993,"2010-08-01",1087.2822709517,9.5,0.6911157,NA,NA,"low","high"
"994",994,"2010-09-01",1122.08190336682,9.5,0.6638685,NA,NA,"low","high"
"995",995,"2010-10-01",1171.58380998884,9.4,0.6723344,NA,224300,"low","high"
"996",996,"2010-11-01",1198.88856143043,9.8,0.8233069,NA,NA,"low","high"
"997",997,"2010-12-01",1241.52545166016,9.3,0.8307821,NA,NA,"low","high"
"998",998,"2011-01-01",1282.61849975586,9.1,0.9539952,67410,226900,"low","high"
"999",999,"2011-02-01",1321.11788779811,9,1.117829,NA,NA,"low","high"
"1000",1000,"2011-03-01",1304.48651388417,9,1.179972,NA,NA,"low","high"
"1001",1001,"2011-04-01",1331.50501098633,9.1,1.210295,NA,228100,"low","high"
"1002",1002,"2011-05-01",1338.31046549479,9,1.256079,NA,NA,"low","high"
"1003",1003,"2011-06-01",1287.28864080256,9.1,1.29395,NA,NA,"low","high"
"1004",1004,"2011-07-01",1325.18450317383,9,1.41844,NA,223500,"low","high"
"1005",1005,"2011-08-01",1185.30565344769,9,1.651442,NA,NA,"low","high"
"1006",1006,"2011-09-01",1173.87905738467,9,1.721515,NA,NA,"low","high"
"1007",1007,"2011-10-01",1207.21618652344,8.8,1.835844,NA,221100,"low","high"
"1008",1008,"2011-11-01",1226.41477167039,8.6,1.835434,NA,NA,"low","high"
"1009",1009,"2011-12-01",1243.3228469122,8.5,2.045078,NA,NA,"low","high"
"1010",1010,"2012-01-01",1300.57801513672,8.3,2.113351,67400,238400,"low","high"
"1011",1011,"2012-02-01",1352.4875,8.3,2.01608,NA,NA,"low","high"
"1012",1012,"2012-03-01",1389.24000133168,8.2,2.122799,NA,NA,"low","high"
"1013",1013,"2012-04-01",1386.4289855957,8.2,2.191796,NA,238700,"low","high"
"1014",1014,"2012-05-01",1341.27271617543,8.2,2.188203,NA,NA,"low","high"
"1015",1015,"2012-06-01",1323.48429361979,8.2,2.238926,NA,NA,"low","high"
"1016",1016,"2012-07-01",1359.77619861421,8.2,2.260479,NA,248800,"low","high"
"1017",1017,"2012-08-01",1403.44825810971,8.1,2.17107,NA,NA,"low","high"
"1018",1018,"2012-09-01",1443.41947214227,7.8,2.219253,NA,NA,"low","high"
"1019",1019,"2012-10-01",1437.81666201637,7.8,2.206525,NA,251700,"low","high"
"1020",1020,"2012-11-01",1394.51238723028,7.7,2.195661,NA,NA,"low","high"
"1021",1021,"2012-12-01",1422.28549194336,7.9,2.107127,NA,NA,"low","high"
"1022",1022,"2013-01-01",1480.39524042039,8,2.065935,69950,258400,"low","high"
"1023",1023,"2013-02-01",1512.31158126028,7.7,2.143683,NA,NA,"low","high"
"1024",1024,"2013-03-01",1550.8289855957,7.5,2.096923,NA,NA,"low","high"
"1025",1025,"2013-04-01",1570.70226495916,7.6,1.932255,NA,268100,"low","high"
"1026",1026,"2013-05-01",1639.84272349964,7.5,1.905048,NA,NA,"low","high"
"1027",1027,"2013-06-01",1618.77251586914,7.5,1.874046,NA,NA,"low","high"
"1028",1028,"2013-07-01",1668.67544278232,7.3,1.865294,NA,264800,"low","high"
"1029",1029,"2013-08-01",1670.09363902699,7.2,1.911745,NA,NA,"low","high"
"1030",1030,"2013-09-01",1687.17350463867,7.2,1.888205,NA,NA,"low","high"
"1031",1031,"2013-10-01",1720.02653171705,7.2,1.866698,NA,273600,"low","high"
"1032",1032,"2013-11-01",1783.54100341797,6.9,1.890963,NA,NA,"low","high"
"1033",1033,"2013-12-01",1807.77523367745,6.7,1.872378,NA,NA,"low","high"
"1034",1034,"2014-01-01",1822.35666038877,6.6,1.821944,69060,275200,"low","med"
"1035",1035,"2014-02-01",1817.03473864104,6.7,1.789204,NA,NA,"low","high"
"1036",1036,"2014-03-01",1863.52333868118,6.7,1.821445,NA,NA,"low","high"
"1037",1037,"2014-04-01",1864.26333472842,6.2,2.025724,NA,288000,"low","med"
"1038",1038,"2014-05-01",1889.7671421596,6.3,2.127518,NA,NA,"low","med"
"1039",1039,"2014-06-01",1947.08761160714,6.1,2.142724,NA,NA,"low","med"
"1040",1040,"2014-07-01",1973.09998668324,6.2,2.098319,NA,281000,"low","med"
"1041",1041,"2014-08-01",1961.53190685454,6.1,1.959017,NA,NA,"low","med"
"1042",1042,"2014-09-01",1993.22619047619,5.9,1.95017,NA,NA,"low","med"
"1043",1043,"2014-10-01",1937.27435037364,5.7,2.001463,NA,298900,"low","med"
"1044",1044,"2014-11-01",2044.57210500617,5.8,1.999148,NA,NA,"low","med"
"1045",1045,"2014-12-01",2054.26636297053,5.6,1.961226,NA,NA,"low","med"
"1046",1046,"2015-01-01",2028.17850952148,5.7,1.976365,72790,289200,"low","med"
"1047",1047,"2015-02-01",2082.1957943565,5.5,1.972517,NA,NA,"low","med"
"1048",1048,"2015-03-01",2079.99043967507,5.4,1.989606,NA,NA,"low","med"
"1049",1049,"2015-04-01",2094.86283947172,5.4,2.05371,NA,289100,"low","med"
"1050",1050,"2015-05-01",2111.94351806641,5.6,2.056561,NA,NA,"low","med"
"1051",1051,"2015-06-01",2099.28365811435,5.3,2.103732,NA,NA,"low","med"
"1052",1052,"2015-07-01",2094.14362681996,5.2,2.130475,NA,295800,"low","med"
"1053",1053,"2015-08-01",2039.86620512463,5.1,2.169207,NA,NA,"low","med"
"1054",1054,"2015-09-01",1944.4023844401,5,2.268536,NA,NA,"low","med"
"1055",1055,"2015-10-01",2024.81271639737,5,2.335492,NA,302500,"low","med"
"1056",1056,"2015-11-01",2080.61650390625,5.1,2.394625,NA,NA,"low","med"
"1057",1057,"2015-12-01",2054.0795621005,5,2.437497,NA,NA,"low","med"
"1058",1058,"2016-01-01",1918.59788754112,4.8,2.460879,75380,299800,"low","med"
"1059",1059,"2016-02-01",1904.41849365234,4.9,2.538253,NA,NA,"med","med"
"1060",1060,"2016-03-01",2021.9540904652,5,2.526214,NA,NA,"med","med"
"1061",1061,"2016-04-01",2075.53523181734,5.1,2.53143,NA,306000,"med","med"
"1062",1062,"2016-05-01",2065.55047898065,4.8,2.565678,NA,NA,"med","med"
"1063",1063,"2016-06-01",2083.89136851918,4.9,2.563629,NA,NA,"med","med"
"1064",1064,"2016-07-01",2148.90197753906,4.8,2.569655,NA,303800,"med","med"
"1065",1065,"2016-08-01",2177.48216711956,4.9,2.716347,NA,NA,"med","med"
"1066",1066,"2016-09-01",2157.69096447173,5,2.624799,NA,NA,"med","med"
"1067",1067,"2016-10-01",2143.02093796503,4.9,2.502268,NA,310900,"med","med"
"1068",1068,"2016-11-01",2164.98568870908,4.7,2.518564,NA,NA,"med","med"
"1069",1069,"2016-12-01",2246.62904575893,4.7,2.585286,NA,NA,"med","med"
"1070",1070,"2017-01-01",2275.11597900391,4.7,2.651739,76710,313100,"med","med"
"1071",1071,"2017-02-01",2329.9105417352,4.6,2.664566,NA,NA,"med","med"
"1072",1072,"2017-03-01",2366.82217009171,4.4,2.436586,NA,NA,"low","med"
"1073",1073,"2017-04-01",2359.30945466694,4.4,2.235672,NA,318200,"low","med"
"1074",1074,"2017-05-01",2395.34588068182,4.4,2.139634,NA,NA,"low","med"
"1075",1075,"2017-06-01",2433.98545143821,4.3,2.122109,NA,NA,"low","low"
"1076",1076,"2017-07-01",2454.10250244141,4.3,2.131777,NA,320500,"low","low"
"1077",1077,"2017-08-01",2456.22307022758,4.4,2.075047,NA,NA,"low","med"
"1078",1078,"2017-09-01",2492.84104003906,4.3,2.091354,NA,NA,"low","low"
"1079",1079,"2017-10-01",2556.99727006392,4.2,2.177581,NA,337900,"low","low"
"1080",1080,"2017-11-01",2593.60573614211,4.2,2.099803,NA,NA,"low","low"
"1081",1081,"2017-12-01",2664.34052734375,4.1,2.117186,NA,NA,"low","low"
"1082",1082,"2018-01-01",2789.8038155692,4,2.157823,77700,331800,"low","low"
"1083",1083,"2018-02-01",2705.15524773849,4.1,2.123101,NA,NA,"low","low"
"1084",1084,"2018-03-01",2702.77382114955,4,2.366926,NA,NA,"low","low"
"1085",1085,"2018-04-01",2653.62520926339,4,2.491592,NA,315600,"med","low"
"1086",1086,"2018-05-01",2701.49361905185,3.8,2.543212,NA,NA,"med","low"
"1087",1087,"2018-06-01",2754.35288783482,4,2.551897,NA,NA,"med","low"
"1088",1088,"2018-07-01",2793.64335704985,3.8,2.518753,NA,330900,"med","low"
"1089",1089,"2018-08-01",2857.82042926291,3.8,2.432443,NA,NA,"low","low"
"1090",1090,"2018-09-01",2901.50051398026,3.7,2.462881,NA,NA,"low","low"
"1091",1091,"2018-10-01",2785.46478006114,3.8,2.415236,NA,322800,"low","low"
"1092",1092,"2018-11-01",2723.23142206101,3.8,2.476418,NA,NA,"med","low"
"1093",1093,"2018-12-01",2567.30738589638,3.9,2.456173,NA,NA,"low","low"
"1094",1094,"2019-01-01",2607.38999720982,4,2.375054,83260,313000,"low","low"
"1095",1095,"2019-02-01",2754.86420641447,3.8,2.375943,NA,NA,"low","low"
"1096",1096,"2019-03-01",2803.9837937128,3.8,2.356946,NA,NA,"low","low"
"1097",1097,"2019-04-01",2903.79997907366,3.7,2.392773,NA,322500,"low","low"
"1098",1098,"2019-05-01",2854.70591042259,3.6,2.360903,NA,NA,"low","low"
"1099",1099,"2019-06-01",2890.16597900391,3.6,2.392597,NA,NA,"low","low"
"1100",1100,"2019-07-01",2996.11363636364,3.7,2.475923,NA,318400,"med","low"
"1101",1101,"2019-08-01",2897.45045055043,3.6,2.630398,NA,NA,"med","low"
"1102",1102,"2019-09-01",2982.15600585938,3.5,2.622934,NA,NA,"med","low"
"1103",1103,"2019-10-01",2977.67519743546,3.6,2.747596,NA,327100,"med","low"
"1104",1104,"2019-11-01",3104.9044921875,3.6,2.772021,NA,NA,"med","low"
"1105",1105,"2019-12-01",3176.74951171875,3.6,2.752609,NA,NA,"med","low"
"1106",1106,"2020-01-01",3278.20285760789,3.6,2.800205,81580,329000,"med","low"
"1107",1107,"2020-02-01",3277.31418328536,3.5,2.792299,NA,NA,"med","low"
"1108",1108,"2020-03-01",2652.39363236861,4.4,2.592275,NA,NA,"med","med"
"1109",1109,"2020-04-01",2761.97522553943,14.8,2.160688,NA,317100,"low","high"
"1110",1110,"2020-05-01",2919.60848388672,13.2,2.000025,NA,NA,"low","high"
"1111",1111,"2020-06-01",3104.66093306108,11,1.998261,NA,NA,"low","high"
"1112",1112,"2020-07-01",3207.6190962358,10.2,2.287039,NA,327900,"low","high"
"1113",1113,"2020-08-01",3391.71001906622,8.4,2.22202,NA,NA,"low","high"
"1114",1114,"2020-09-01",3365.51667131696,7.8,1.991587,NA,NA,"low","high"
"1115",1115,"2020-10-01",3418.69999556108,6.9,1.74961,NA,338600,"low","high"
"1116",1116,"2020-11-01",3548.99248046875,6.7,1.707378,NA,NA,"low","high"
"1117",1117,"2020-12-01",3695.31001420455,6.7,1.603908,NA,NA,"low","high"
"1118",1118,"2021-01-01",3793.7484323602,6.4,1.391588,81270,355000,"low","med"
"1119",1119,"2021-02-01",3883.43211605674,6.2,1.403014,NA,NA,"low","med"
"1120",1120,"2021-03-01",3910.50827955163,6.1,1.592602,NA,NA,"low","med"
"1121",1121,"2021-04-01",4141.17619977679,6.1,2.212664,NA,367800,"low","med"
"1122",1122,"2021-05-01",4167.84953613281,5.8,2.569395,NA,NA,"med","med"
"1123",1123,"2021-06-01",4238.48954634233,5.9,2.564809,NA,NA,"med","med"
"1124",1124,"2021-07-01",4363.71279761905,5.4,2.330438,NA,395200,"low","med"
"1125",1125,"2021-08-01",4453.96593128551,5.1,2.335721,NA,NA,"low","med"
"1126",1126,"2021-09-01",4445.54331752232,4.7,2.607496,NA,NA,"med","med"
"1127",1127,"2021-10-01",4460.70707775298,4.5,3.009235,NA,414000,"med","med"
"1128",1128,"2021-11-01",4667.38664899554,4.2,3.189375,NA,NA,"med","low"
"1129",1129,"2021-12-01",4674.77277166193,3.9,3.458986,NA,NA,"med","low"
"1130",1130,"2022-01-01",4573.81545410156,4,3.966999,79500,413500,"med","low"
"1131",1131,"2022-02-01",4435.98049444901,3.8,4.2841,NA,NA,"med","low"
"1132",1132,"2022-03-01",4391.26526409647,3.7,4.538679,NA,NA,"med","low"
"1133",1133,"2022-04-01",4391.29599609375,3.7,4.70841,NA,437700,"med","low"
"1134",1134,"2022-05-01",4040.36000279018,3.6,4.956489,NA,NA,"med","low"
"1135",1135,"2022-06-01",3898.9466843378,3.6,5.40253,NA,NA,"high","low"
"1136",1136,"2022-07-01",3911.7294921875,3.5,5.593246,NA,438000,"high","low"
"1137",1137,"2022-08-01",4158.56308381454,3.6,5.952632,NA,NA,"high","low"
"1138",1138,"2022-09-01",3850.52049618675,3.5,6.344649,NA,NA,"high","low"
"1139",1139,"2022-10-01",3726.05095563616,3.6,6.315609,NA,442600,"high","low"
"1140",1140,"2022-11-01",3917.48859514509,3.6,6.430319,NA,NA,"high","low"
"1141",1141,"2022-12-01",3912.38095238095,3.5,6.545514,NA,NA,"high","low"
"1142",1142,"2023-01-01",3960.65653076172,3.5,6.488339,82690,429000,"high","low"
"1143",1143,"2023-02-01",4079.68472450658,3.6,6.526576,NA,NA,"high","low"
"1144",1144,"2023-03-01",3968.55914572011,3.5,6.390646,NA,NA,"high","low"
"1145",1145,"2023-04-01",4121.46736225329,3.4,6.267738,NA,418500,"high","low"
"1146",1146,"2023-05-01",4146.17319557883,3.6,5.978883,NA,NA,"high","low"
"1147",1147,"2023-06-01",4345.37283761161,3.6,5.588761,NA,NA,"high","low"
"1148",1148,"2023-07-01",4508.07548828125,3.5,5.402919,NA,435400,"high","low"
"1149",1149,"2023-08-01",4457.35867442255,3.7,5.169678,NA,NA,"high","low"
"1150",1150,"2023-09-01",4409.09499511719,3.8,4.955445,NA,NA,"med","low"
"1151",1151,"2023-10-01",4269.40094549006,3.9,4.882717,NA,423200,"med","low"
"1152",1152,"2023-11-01",4460.06331380208,3.7,4.691251,NA,NA,"med","low"
"1153",1153,"2023-12-01",4685.05148925781,3.8,4.557667,NA,NA,"med","low"
"1154",1154,"2024-01-01",4804.49151320685,3.7,4.601332,83730,426800,"med","low"
"1155",1155,"2024-02-01",5011.96142578125,3.9,4.400073,NA,NA,"med","low"
"1156",1156,"2024-03-01",5170.57248535156,3.9,4.502758,NA,NA,"med","low"
"1157",1157,"2024-04-01",5112.49274236506,3.9,4.403618,NA,414500,"med","low"
"1158",1158,"2024-05-01",5235.22549715909,4,4.300148,NA,NA,"med","low"
"1159",1159,"2024-06-01",5415.14049650493,4.1,4.234733,NA,NA,"med","low"
"1160",1160,"2024-07-01",5538.00457208807,4.2,4.179707,NA,415300,"med","low"
"1161",1161,"2024-08-01",5478.21457741477,4.2,4.112096,NA,NA,"med","low"
"1162",1162,"2024-09-01",5621.26044921875,4.1,4.012724,NA,NA,"med","low"
"1163",1163,"2024-10-01",5792.3195482337,4.1,3.963395,NA,419300,"med","low"
"1164",1164,"2024-11-01",5929.91599121094,4.2,3.876177,NA,NA,"med","low"
"1165",1165,"2024-12-01",6010.90855189732,4.1,3.746553,NA,NA,"med","low"
"1166",1166,"2025-01-01",5979.51552734375,4,3.625276327,NA,423100,"med","low"
"1167",1167,"2025-02-01",6038.68996710526,4.1,3.516515255,NA,NA,"med","low"
"1168",1168,"2025-03-01",5683.98335193452,4.2,3.257815123,NA,NA,"med","low"
"1169",1169,"2025-04-01",5369.49572172619,4.2,3.176689863,NA,410800,"med","low"
"1170",1170,"2025-05-01",5810.91948009673,4.2,3.15913105,NA,NA,"med","low"
"1171",1171,"2025-06-01",6029.95151367187,4.1,3.288774014,NA,NA,"med","low"
"1172",1172,"2025-07-01",6296.49818004261,4.2,3.419810534,NA,NA,"med","low"
"1173",1173,"2025-08-01",6408.94947451637,4.3,3.4,NA,NA,"med","low"
"1174",1174,"2025-09-01",6584.01808965774,NA,3.326080084,NA,NA,"med",NA
"1175",1175,"2025-10-01",6735.69172469429,NA,NA,NA,NA,NA,NA
"1176",1176,"2025-11-01",6763.35164388021,NA,NA,NA,NA,NA,NA
